0	48.5	0	59.16174698	41.31943512	2.31300807	16.42000008
0	48.5	0	59.3499527	36.16365814	2.376330137	16.42000008
0	48.5	0	38.93547058	33.39982986	2.433639526	16.42000008
0	45.19701385	0	36.1856308	32.00364685	2.449206591	16
0	50.15003204	0	36.00306702	32.84638977	2.458931446	16
0	50.29999924	0	35.82050323	35.21187592	2.455453157	19.99000168
0	50.29999924	0	35.63793945	37.52737045	2.451974869	19.99000168
0	50.29999924	0	36.29978561	46.977108	2.438788891	19.99000168
0	53.70000076	0	37.24576569	59.05801392	2.375136852	24.62136459
0	53.70000076	0	67.13839722	70.9800415	2.32176137	25.56632614
0	53.70000076	0	94.60006714	79.06824493	2.326178312	23.95000076
0.448563397	56.63210678	0.448563397	94.4023819	82.72349548	2.364465475	24.17415237
1.001397491	55.19273376	1.001397491	90.34216309	78.92716217	2.407068491	24.37646294
1.554231524	53.75335693	1.554231524	94.6340332	77.14394379	2.45600009	24.5787735
2.107065439	52.31398392	2.107065439	77.16133118	69.29541779	2.494659424	24.78108406
2.659899473	50.8746109	2.659899473	78.21383667	74.1464386	2.523538589	25.4177742
3.212733507	49.43523407	3.212733507	77.69953918	69.76241302	2.556767702	24.10603333
3.765567541	48.04556274	3.765567541	18.76496887	60.99230194	2.537320852	19.72215271
4.318401814	46.72460556	4.318401814	18.9679966	60.26050186	2.400745153	19.63197708
4.871235847	45.40364456	4.871235847	19.17102432	61.2397995	2.26534605	19.54180145
5.424069881	44.08268738	5.424069881	19.37405396	61.24600601	2.132792473	19.45162773
5.976903915	42.76173019	5.976903915	67.53675079	60.37870026	2.04679656	19.3614521
6.529737949	41.44077301	6.529737949	66.80356598	53.15036392	2.078211308	19.27127647
7.082571983	40.11981201	7.082571983	67.50009155	44.79005051	2.13610816	19.18110275
7.635406017	45.20000076	7.635406017	49.20542526	36.73649597	2.205473423	16.77706718
8.188240051	45.20000076	8.188240051	49.622509	33.01651764	2.255127907	17.13759613
8.741073608	45.20000076	8.741073608	49.69597244	31.82796478	2.313067198	17.49812698
9.293908119	45.20000076	9.293908119	46.94296646	30.75636864	2.368869781	17.85865593
9.846741676	45.20000076	9.846741676	46.60002136	32.71630478	2.419597149	18.21918488
0	49.1380043	0	46.46121216	38.48375702	2.4510324	20.03000069
0	51.96311569	0	45.99155045	52.00056458	2.446384668	20.03000069
0	54.78822708	0	115.7075348	65.72370911	2.515209436	20.03000069
0	57.59999847	0	113.0997849	84.09983826	2.656394482	23.71362305
0	57.59999847	0	119.1000824	87.52160645	2.758418083	24.80041695
0	60	49.5	119.8894958	101.111969	2.80679512	25.63000107
0	60	49.5	119.7673874	102.6424408	2.854918718	25.63000107
0	60	49.5	118.3279114	98.56000519	2.926295757	25.63000107
0	60	49.5	120.0671234	96.31737518	2.993373871	25.63000107
0	56.11193848	49.54393005	18.6072998	88.39755249	2.856967926	25.88450623
0	52.00992966	45.94595337	19.05754852	84.68571472	2.631885767	25.63357735
0	47.90792084	42.34797287	22.94332504	76.48661804	2.44665122	25.38265038
0	46.15893173	0	24.00839996	67.95537567	2.313886881	19.70000076
0	44.66977692	0	17.96521378	66.1102829	2.159510374	19.70000076
0	43.18061829	0	17.56466293	71.54003143	1.998439074	19.70000076
0	41.69146347	0	17.87739182	78.24617767	1.811600089	19.70000076
0	40.20230484	0	79.10585022	69.79795074	1.728147984	19.70000076
0	38.71315002	0	76.92436218	60.91980362	1.770516276	19.70000076
0	37.22399139	0	77.99993134	47.34565353	1.849263191	19.70000076
0	43.29999924	0	77.49993896	37.26215744	1.983527422	16.03000069
0	43.29999924	0	77.49993896	36.19978714	2.117851973	16.03000069
0	42.79999924	0	77.79993439	32.79983902	2.261510134	16
0	42.67483139	0	79.49308777	31.96985245	2.414163351	16
0	50.85460663	0	78.29992676	31.17494965	2.572961807	16
4.548214436	46.89999771	4.548214436	78.59992218	40.90677643	2.704551697	19.99000168
0.692903221	50.32706451	0.692903221	41.10010529	55.75553513	2.678097248	20.20541763
5.338064671	58.55321503	5.338064671	95.60005188	69.19830322	2.732958317	21.58251381
9.983225822	58.79999924	9.983225822	95.20005798	86.19980621	2.770000219	23.79000092
0	58.70000076	0	97.60002136	91.0876236	2.796826363	24.48618698
0	58	51.5	86.49980164	96.98894501	2.774012566	25.98000145
0	58	51.5	86.49980164	102.2816925	2.736917973	25.99000168
0	58	51.46658707	85.73933411	101.1746445	2.690154791	25.94929695
0	58	48.88415909	85.90666199	98.11001587	2.648666859	25.78334427
0	58	46.30173111	86.91227722	86.55580139	2.617379189	25.61738968
0	58	43.71930313	79.08092499	81.53987885	2.611887217	25.451437
0	58	8.549766541	69.6700592	78.55492401	2.605172873	24.8744812
0	58	0	19.0000515	72.87200928	2.561953783	22.05000114
0	54.79999924	0	18.08995056	71.12140656	2.40622735	20.06000137
0	54.79999924	0	17.61549187	75.04754639	2.236000061	20.06000137
0	54.79999924	0	18.5166378	72.70838165	2.051100254	20.06000137
0	54.79999924	0	80.59989166	68.39096069	1.996995568	20.06000137
0	50.56814575	0	18.50005913	61.65161133	2.014046431	19.94481277
0	41.23481369	0	18.50005913	50.74226761	1.896950126	18.11138916
0	44	0	18.50005913	40.6859436	1.820562601	16.56163788
0	44	0	18.50005913	35.2540741	1.757659316	16.93359375
0	44	0	18.50005913	34.81499863	1.705171466	17.30554962
0	44	0	18.50005913	33.91882706	1.657714367	17.6775074
0	44	0	18.50005913	33.90267944	1.611060977	18.04946327
0	44	0	18.50005913	42.70674896	1.544268131	20.40000153
0	44	0	18.50005913	55.79988098	1.450000048	20.40000153
0	59.61845016	6.334555149	18.79519844	72.83334351	1.30009532	19.96000099
0	49.0768013	12.83523846	19.20069885	85.33982086	0.153090924	23.60958862
0	37.90607071	19.33592224	-4.95911E-05	89.19976044	2.5	21.89842796
0	60	0	-4.95911E-05	93.80162048	2.5	20.90542221
0	2.04482913	0	-4.95911E-05	0.631121516	2.5	0.531880319
0	6.00682354	0	-4.95911E-05	0.519289672	2.5	0.231240287
0	9.968817711	0	19.24908066	0.268882751	0.007117648	0.351195872
0	13.93081188	0	16.48073578	0.425159425	0.30097872	0.471151441
0	17.8928051	0	16.98563576	0.581436098	0.451166689	0.591107011
0	21.85480118	0	16.5509758	0.737712801	0.603559315	0.71106261
0	25.81679535	0	90.04450989	0.893989503	0.734956563	0.83101815
0	29.77878952	0	196.8182678	0.694150329	0.328428596	0.950973749
1.217359543	39.48254395	7.057082653	195.5450897	61.11808014	0.799125016	6.1583395
3.84318018	49.15129852	22.2790699	200.1620636	77.88188934	1.200399995	7.623487473
6.469000816	60	55.46268845	145.6000671	167.8165741	1.273893476	20.6728344
9.094820976	60	60	148.3249207	156.5335388	1.210000038	24.24880409
7.895798206	49.27093887	4.757509232	174.8726349	96.80403137	1.329923153	17.29374695
0	56.24493408	56.15309143	177.5933075	111.0548172	1.528062582	25.93021011
0	52.41337204	52.99429321	180.3119354	92.2886734	1.7803334	25.75601768
0	48.58181381	49.835495	96.06761169	78.96298981	1.993401766	25.58182335
0	51.30754852	5	88.60353851	52.22758102	2.094133377	18.68844986
0	53.46552277	5	87.78778076	50.59996033	2.213866711	19.42921829
0	55.62350082	5	88.08586121	61.77963638	2.301977873	22.46228218
0	57.78147888	5	76.48278046	76.86255646	2.337385416	22.71262932
0	59.93945694	5	88.42159271	89.20329285	2.330933809	22.96297836
0	60	52.5	95.40005493	105.3199005	2.309386015	26.39019775
0	60	52.5	116.0052109	111.376236	2.305986881	26.92835617
0	60	52.5	116.1363907	115.9086304	2.302903414	27.90000153
0	60	52.5	118.383728	113.7873306	2.309241295	27.90000153
0	60	52.5	118.3674698	110.4798279	2.331830502	27.90000153
0	58	58	118.4994736	109.0678482	2.349808455	28.01000023
0	58	58	119.041481	103.8429794	2.386109114	28.01000023
0	58	58	118.800087	101.3461151	2.438578129	28.01000023
0	58	5	119.1566162	81.11544037	2.535121441	23.8268013
0	58	5	48.57999039	82.1194458	2.633185387	22.33000183
0	54.11326599	0	18.07553482	80.70079803	2.454666615	21.79885864
0	52.11516571	0	17.96088791	79.18347168	2.274410248	21.57243156
0	50.11706161	0	18.24978256	78.04454803	2.080865145	21.34600258
0	48.11896133	0	18.53867722	71.37088013	1.891300082	21.1195755
0	46.12085724	0	112.077034	66.3514328	1.811160088	20.89314651
0	44.12275314	0	106.8698807	51.39994812	1.968700051	20.02000046
0	44.63760757	0	67.59523773	37.1312027	2.158024549	16.02000046
0	47.10830307	0	68.08058929	34.55505753	2.249257088	16.02000046
0	49.57899857	0	67.55696106	33.10390472	2.355750084	16.02000046
0	52.04969025	0	68.50007629	32.12347031	2.468562603	16.02000046
0	54.52038574	0	38.82966232	33.29983139	2.507631779	16.02000046
0	54.59999847	0	39.39347458	42.41190338	2.501068354	20.01000023
0	54.59999847	0	58.39984131	62.64341354	2.520000219	20.01000023
0	58.67649078	0	58.34810638	78.78258514	2.485645771	23.33902359
0	58.89999771	52.70000076	57.98309326	105.1859055	2.379471779	26.58961678
0	58.89999771	52.70000076	57.89984894	109.98983	2.238840103	27.82280731
0	58.89999771	52.70000076	57.89984894	115.9595261	2.071550131	27.83000183
0	58	58.09999847	57.69985199	108.5365219	1.894711256	27.98000145
0	58	57.79999924	58.47271347	105.5907364	1.743872523	28.01000023
0	58	58.20000076	56.02920914	110.1336594	1.583564878	27.98000145
0	58	58.20000076	55.88440323	112.0453568	1.407190561	27.98000145
0	58	57.79999924	137.0156555	99.69390106	1.387672186	28.01000023
0	58	57.79999924	137.7998047	94.76779175	1.508588314	28.01000023
0	58	0	59.18649673	82.77148438	1.641913176	21.8900013
0	58	0	57.38866806	80.10058594	1.565705299	21.8900013
0	58	0	56.37401962	78.60515594	1.491232395	21.8900013
0	58	0	56.71299362	75.81651306	1.42437613	21.8900013
0.319608152	54.00212097	0.319608152	99.4382019	69.40922546	1.434052706	22.05000114
1.421705246	49.18185806	1.421705246	95.498909	62.24178314	1.536492825	22.05000114
2.52380228	44.36159134	2.52380228	95.78072357	54.9355278	1.653833389	22.05000114
3.625899315	52	3.625899315	95.87413025	44.12116241	1.818558216	18.00277328
4.727996349	52	4.727996349	95.50088501	37.20830536	1.992130518	18.13125992
5.830093384	52	5.830093384	96.36723328	35.29706955	2.169435978	18.25974464
6.932190418	52	6.932190418	98.49435425	33.68667221	2.363028765	18.38823128
8.034287453	52	8.034287453	98.11056519	34.07749939	2.565193653	18.516716
9.136384964	52	9.136384964	97.72677612	41.08833313	2.744649887	22.02000046
0	51.34456635	0.870641172	78.39992523	48.62892532	2.909237623	22
0	59.45882797	4.920135021	18.69090843	63.06901169	2.805840254	22
0	58.13832855	8.969628334	19.04004097	87.62400818	2.614606142	25.0911808
0	56.52881622	50.5	89.71160126	104.0599213	2.387373209	27.67128563
0	54.91930389	50.5	88.78289032	110.8248215	2.324839354	27.68000031
0	53.30979156	50.5	88.94504547	106.1903	2.265374899	27.68000031
0	51.70027924	50.5	89.23486328	104.9709702	2.217798233	27.68000031
0	50.59999847	56.79999924	89.29696655	104.6691437	2.166884422	28.00000191
0	57.58818817	56.02170181	88.62168884	100.0170593	2.124159575	27.96879768
0	56.42906189	54.39397049	97.50968933	96.26374817	2.114841461	27.85282707
0	55.26993561	52.76623917	95.00006104	83.33734894	2.129380703	27.73685455
0	54.11081314	51.13850784	95.72592926	85.30962372	2.150477648	27.62088394
0	52.95168686	49.51077271	100.4999771	81.94424438	2.182540417	27.50491333
0	51.79256058	47.88304138	99.84544373	79.53808594	2.236736774	27.38894081
0	50.6334343	46.25531006	99.01999664	70.44507599	2.312262058	27.2729702
0	49.47430801	44.62757874	96.05553436	66.39038086	2.397189856	27.15699768
0	47.04459763	0	95.02335358	53.85039902	2.507963657	21.94531822
0	37.91663361	0	96.19972229	50.99995422	2.646619081	21.09613228
0	50.42314529	0	96.80003357	39.65539169	2.821414709	18.41123581
0	51.26455307	0	18.95592308	35.48671722	2.909652233	18.74145508
0	52.10596085	0	18.79863548	33.44293594	2.860473871	19.07167435
0	52.94737244	0	18.64134598	31.77429581	2.818119049	19.40189362
0	53.78878021	0	18.48405647	32.43960571	2.778540611	19.73211288
0	54.63018799	0	18.32676888	36.91822433	2.722630739	22.47378922
0	55.47159958	0	19.15895271	38.83230591	2.664999962	22.8622551
0	56.31300735	0	58.03824615	51.90539551	2.747110128	23.25072098
0	57.15441513	0	56.79986572	67.66008759	2.733780146	24.21042061
0	57.89999771	0	56.79986572	88.3690033	2.674742699	24.51863098
0	57.89999771	0	76.70953369	90.06959534	2.615589857	24.64257813
0	57.89999771	0	75.89987946	90.12539673	2.57703042	24.7092762
0	57.89999771	0	75.29997253	84.85036469	2.547183514	25.59000015
0	60	0	87.46082306	82.84586334	2.537083149	25.69000053
0	59	0	88.78675842	79.1386261	2.557687759	26.05000114
0	59	0	91.51413727	73.91817474	2.599290133	26.05000114
0	58.20000076	0	89.66099548	68.76257324	2.641740322	22.48457909
0	58.20000076	0	88.4402771	64.46820831	2.714309216	21.92000008
0	58.20000076	0	29.21955109	67.80008698	2.662500143	21.92000008
0	58.20000076	0	29.79956436	67.61396027	2.543483019	21.92000008
0	58.20000076	0	30.37957764	68.40877533	2.418474674	21.92000008
0	58.20000076	0	59.29982758	68.04197693	2.37759757	21.92000008
0	51.99844742	0	59.25602341	60.62747192	2.370883226	21.92173386
0	43.7911911	0	58.5392189	50.65255356	2.389425755	20.64102936
0.403374732	45.60950089	0	76.563591	35.13374329	2.490678549	16.04000092
2.28928256	47.05652237	0	78.07993317	33.04616547	2.623574495	16.04000092
4.175190449	48.50354004	0	76.94811249	31.07986641	2.770354509	16.04000092
6.061098099	49.95056152	0	75.74946594	31.09625626	2.920595884	16.04000092
7.947006226	51.39757919	0	18.54337692	33.73205948	3.002494097	16.04000092
9.832913399	52.84460068	0	18.74856758	39.75147629	2.939634562	20.6841011
11.71882153	54.29161835	0	18.95375633	56.50637436	2.850031853	21.16558647
13.60472965	54.70000076	0	19.15894699	76.36662292	2.696923018	22.94462204
15.49063778	54.70000076	48.64357758	19.36413765	96.91431427	2.481721878	26.05108643
17.37654495	54.70000076	57.94830704	96.3000412	106.3267517	2.293690681	26.77778053
58.20000076	58	0	95.2181015	111.3053665	2.24429822	27.99000168
58.20000076	58	0	128.5510712	107.4075623	2.286549091	27.99000168
58.20000076	58	0	128.7266083	106.2654419	2.358833551	27.99000168
58.20000076	58	0	125.2466583	100.2159805	2.428698063	27.99000168
49.74872971	56.79483032	0	95.40005493	92.72009277	2.537014008	27.6921711
44.87580109	55.58427811	0	108.6893005	95.11672974	2.557089806	27.4131031
5	54.37372589	0	19.05918121	80.69274902	2.582268715	21.93440628
5	53.16317749	0	18.35063934	70.95559692	2.415285826	21.64741707
5	51.95262527	0	18.09656334	72.12277985	2.252487898	21.36042786
5	50.74207687	0	17.84248734	76.608284	2.067959309	21.07343864
5	49.53152466	0	76.85049438	70.6965332	2.016546249	20.78644943
5	48.32097244	0	76.40544128	62.26290894	2.05142498	20.49946213
5	47.11042404	0	76.89994812	49.35471725	2.116280794	20.21247292
5	45.39999771	0	76.89994812	35.9937706	2.243202925	16.28000069
0	43.98252869	0	77.05289459	31.36192703	2.378960133	16.177248
0	46.26594162	0	77.41786194	31.56497574	2.521875143	16.38970947
0	48.54935074	0	78.07316589	29.82071304	2.668893576	16.60217094
0	50.83276367	0	78.82834625	30.99320221	2.823354959	16.81463051
0	53.68354797	0	18.70005608	39.43276215	2.901269436	19.99000168
0	56.55154037	0	18.70005608	57.78681564	2.81003356	19.99000168
0	59.41953659	0	18.70005608	70.21838379	2.667815685	19.99000168
0	58.09999847	0	18.70763779	86.56401062	2.466145277	23.80887604
0	58.09999847	0	22.63999557	93.76309967	2.237161398	22.59166145
55.79999924	58.09999847	0	76.1999588	102.7932739	2.129454613	26.12000084
53.39999771	58	0	75.49996948	99.80498505	2.051527023	25.98000145
53.39999771	58	0	95.9000473	96.9815979	1.993416786	25.98000145
53.39999771	58	0	120.1493988	93.21970367	2.052917719	25.98000145
53.39999771	58	0	116.8304138	88.70198822	2.129234076	25.98000145
46.28134918	52.99591827	0	115.1657867	86.99217224	2.211897373	25.56738281
39.2701149	47.06808472	0	118.7229996	79.91989899	2.313178778	25.0430603
0	52.39999771	0	53.7999115	73.40000153	2.450000048	19.90000153
0	52.5	0	28.79990196	72.94675446	2.322008133	20.06000137
0	52.59999847	0	28.49268723	73.22098541	2.180627584	20
0	52.59999847	0	30.02132797	67.60276031	2.043642759	20
0	49.85580444	0	77.02554321	63.06811142	2.041037321	19.88679695
0	43.46870804	0	77.64487457	62.58657837	2.089798927	19.43036461
0	37.08161163	0	56.59986877	49.1727829	2.159689426	18.97393227
0	43.20000076	0	57.59985352	38.14416885	2.218615532	16.01000023
0	43.44499588	0	57.96174622	34.44127655	2.287407637	16.08424568
0	46.40125656	0	58.17830276	32.14058304	2.364989758	16.34399986
0	49.35751343	0	58.3948555	30.88640213	2.450624943	16.60375404
0	52.31377411	0	58.61141205	32.79983902	2.537954807	16.86350632
0	52.39999771	0	58.56111145	41.43880844	2.598923206	20.20934677
0	52.39999771	0	56.79089737	58.17711639	2.614678383	20.0328083
0	52.39999771	0	52.2808876	71.90002441	2.580000162	20.54351425
0	58.29999924	0	7.63755846	87.78213501	2.455862045	23.70277786
0	60	0	6.545706749	95.20005798	2.193703651	21.60027122
53.29999924	58	0	18.16856766	104.430687	1.921481609	26.00000191
53.79999924	58	0	148.2000275	100.1999817	1.84577775	25.98000145
52.79999924	58	0	147.7794037	98.70896149	2.007608652	26.64424324
52.79999924	58	0	147.0000458	99.95713043	2.152391434	28.06000137
55.79999924	58	0	146.1778412	94.95005798	2.303414822	27.99000168
54.07094955	58	0	104.3999176	89.09580994	2.476470709	27.97818756
43.30210114	58	0	100.1405106	85.73617554	2.523197412	26.60974121
0	55.29999924	0	29.19989586	77.4934845	2.572442055	21.8900013
0	54.70000076	0	27.93157005	80.27397156	2.431333303	21.16135979
0	54.70000076	0	27.69991875	73.64285278	2.284081936	20.03000069
0	52.39999771	0	27.02066231	74.35115051	2.137959242	19.99000168
0	52.39999771	0	117.3065643	69.24330902	2.194602489	19.99000168
0	50.05360031	0	119.5652924	64.37405396	2.354878187	19.96169472
0	39.85580063	0	58.59983826	52.75901794	2.399612904	19.48464012
0	45.29999924	0	57.56861877	40.93915558	2.443287611	18.33911896
0	45.29999924	0	56.87386322	37.74096298	2.504684687	18.63478661
0	45.29999924	0	56.17910385	34.72849274	2.574687719	18.93045425
0	45.29999924	0	29.39989281	33.80438614	2.604093075	19.22612
0	45.29999924	0	29.39989281	33.68813705	2.59132719	19.52178764
0	45.29999924	0	29.39989281	40.15578079	2.565747738	20.0700016
13.09969616	49.79999924	0	29.27811813	59.61034775	2.504936695	20
59.64684677	14.70000076	0	99.95479584	73.9432373	2.520772219	21.63551712
59.89999771	54.5	0	126.3244095	96.01068115	2.590000153	26.09609795
59.89999771	54.5	0	126.9999619	97.60954285	2.670000076	26.46896553
58	55.79999924	0	127.9451447	104.6136017	2.75	27.98000145
58	55.79999924	0	108.4569244	105.02491	2.810000181	27.98000145
58	55.09999847	0	105.8628082	101.5255432	2.832233429	28.00000191
57.18603516	52.6251564	0	84.84101868	99.00847626	2.830060959	27.98000145
56.28855896	49.23482132	0	75.87633514	94.75795746	2.791132212	27.98000145
55.39107895	45.84448624	0	76.5999527	87.21089935	2.743124962	27.98000145
54.49359894	5	0	19.2538929	75.43196869	2.716666698	22.27456093
53.59611893	5	0	18.03464508	78.53992462	2.538947582	22.02420616
52.69863892	5	0	18.21676445	74.43041992	2.354500055	21.77385139
51.80116272	5	0	18.61263466	75.54890442	2.167000055	21.52349663
50.90368271	5	0	78.61756897	67.86675262	2.114759922	21.27314377
50.0062027	5	0	80.34379578	64.9688797	2.146772146	21.022789
49.10872269	5	0	76.68920135	55.09989166	2.198585987	20.77243423
45.91489792	5	0	57.59030533	39.76603317	2.309397697	17.51270485
41.27597427	5	0	57.43750381	34.03845596	2.376458406	17.02281189
42.91859055	5	0	57.28470612	29.85949707	2.460000038	16.02000046
46.45816803	5	0	57.1319046	29.81829643	2.549774647	16.02000046
49.99774551	5	0	56.9791069	33.59435654	2.634371758	16.02000046
50.09999847	5	0	56.8263092	39.88412476	2.699520826	20.62818718
50.09999847	5	0	57.30277252	57.53985596	2.724499941	21.0943737
53.70000076	0	0	56.27145386	70.24005127	2.691604853	23.55200195
53.70000076	45.79999924	0	68.60007477	92.77342987	2.624263763	26.13000107
58	44.65781784	0	68.61080933	99.89998627	2.539786577	24.55785179
58	52.76676178	0	70.6730423	99.583992	2.437750101	27.85000038
58	51.25203323	0	66.14883423	100.8969727	2.32480669	27.85000038
58	49.7373085	0	109.4539566	96.34004211	2.258502483	27.85000038
58	48.22257996	0	105.0113373	95.62887573	2.287225962	27.85000038
58	46.70785522	0	108.9192352	95.33069611	2.31842804	28.02000046
58	45.19312668	0	105.6507874	90.86012268	2.362354755	25.58321953
58	43.67840195	0	88.14177704	82.95385742	2.409470558	24.81800079
55.26898956	0	0.045097776	18.39467049	76.87995148	2.398680925	21.99537849
53.57760239	0	2.504976273	18.10066414	74.43488312	2.22420001	21.74327087
51.88621902	0	4.964855194	17.80665779	75.15997314	2.049488544	21.49116325
50.19483185	0	7.424733639	17.51265144	69.05506897	1.879954696	21.23905563
48.50344467	0	9.884612083	66.02636719	62.73953247	2.078945637	20.98694801
46.8120575	0	12.344491	76.97392273	61.33775711	2.124028206	20.73484039
45.12067032	0	14.80436897	77.14562225	53.69991302	2.188531876	20.48273277
5.599999905	56.5	0.299999982	77.31732178	39.07219315	2.311389923	16.34964752
5.599999905	56.5	0.299999982	77.48901367	34.54748154	2.442113161	16.69970894
5.599999905	56.5	0.299999982	77.6607132	33.22846222	2.580040216	17.04976845
5.599999905	56.5	0.299999982	48.56187057	33.5940094	2.708915234	17.39982796
5.599999905	56.5	0.299999982	47.4593544	33.14717484	2.762563944	17.74988747
5.599999905	56.5	0.299999982	29.78988647	39.9556427	2.785644531	19.90000153
5.599999905	56.5	0.299999982	28.29990959	43.11123657	2.756283998	19.90000153
0	58.29999924	6.313972473	28.59990501	57.92334747	2.687876701	18.23674965
0	58.29999924	50.79999924	28.59990501	78.98809814	2.554522038	23.97000122
0	58	45.5	30.57891655	87.89978027	2.379945993	23.8900013
0	58	45.5	109.1574097	96.79639435	2.389476061	26.09000015
0	58	45.5	109.3076553	100.2919769	2.422561407	26.09000015
0	58	45.5	109.2837448	93.55718994	2.469041586	26.09000015
0	57.99388885	51.79434967	109.5998383	91.58483887	2.510428667	25.98899269
0	54.32634354	48.40434265	103.9355164	92.38156891	2.567706585	25.38307571
0	50.65879822	45.01433563	103.1999359	84.94113159	2.631528854	24.77715874
0	46.99125671	41.6243248	103.4617538	77.58686066	2.718210459	24.17124176
0	46	0	103.1999359	68.98901367	2.846095324	19.66000175
0	51.09999847	0	17.60007286	67.42022705	2.866434813	20.06000137
0	51.09999847	0	17.60007286	65.67726135	2.716652155	20.06000137
0	51.09999847	0	18.69764709	63.18930817	2.568920135	20.06000137
0	49.69139862	0	111.8075485	59.45349121	2.464764833	19.95000076
0	44.38110352	0	109.1527481	59.98021698	2.605956554	19.95000076
0	39.0708046	0	48.15992355	47.85811615	2.718533039	19.95000076
0	42.79999924	0	32.04816437	39.88949966	2.682582855	16.01000023
0	42.79999924	0	31.72444725	33.87401962	2.67169261	16.01000023
0	42.79999924	0	31.35560036	31.49590492	2.675644398	16.01000023
0	42.79999924	0	30.98675346	30.1280098	2.679596186	16.01000023
0	50.82975769	0	22.89999199	29.49989128	2.660000086	17.38800049
0	50.08127975	0	18.14983559	35.44971085	2.616212845	20.01000023
0	53.24537659	0	19.24992752	38.22034073	2.559966326	20.01000023
0	56.40947342	0	17.39587784	46.60041428	2.48647213	20.01000023
0	56.5	0	96.20004272	65.18476105	2.43265748	24.27000046
0	57.59999847	2.126666546	96.80749512	85.73152161	2.500683784	24.77740479
0	57.59999847	51	94.66629791	94.70006561	2.525800228	26.52300072
0	57.59999847	51	95.10005951	89.19976044	2.53000021	26.12000084
0	56.14106369	42.94598007	96.65551758	79.64225769	2.578164339	25.35555649
0	54.15643692	0	96.80003357	75.12997437	2.653604031	25.77000046
0	52.17181015	0	96.56192017	70.53204346	2.726409197	25.77000046
0	50.18717957	0	67.7870636	68.93721008	2.805583477	25.77000046
0	48.2025528	0	67.27733612	66.3081131	2.807507038	25.77000046
0	51.79999924	0.27380088	67.50009155	64.31748199	2.815248251	22.03000069
0	51.79999924	0.892948568	18.49881554	65.57055664	2.704708338	22.03000069
0	51.79999924	1.512096286	18.07799339	67.0013504	2.555750132	22.03000069
0	51.79999924	2.131243944	18.30908203	69.21468353	2.40079999	22.03000069
0	51.79999924	2.750391722	19.5279274	66.74333191	2.243319273	22.03000069
0	51.79999924	3.369539499	59.89981842	59.65871048	2.160000086	22.03000069
0	42.43732071	3.988687277	59.79981995	49.88274002	2.187774181	21.96000099
0	48.26686859	4.607834816	59.79981995	35.02518845	2.259422779	16.33568764
0	49.38177109	5.226982594	59.79981995	32.30495453	2.342635393	16.63483429
0	50.4966774	5.846130371	59.79981995	30.89193153	2.43290925	16.93398094
0	51.6115799	6.465278149	59.05470276	30.63550568	2.526763439	17.23312569
0	52.72648621	7.084425926	57.82395172	31.79985619	2.619675159	17.53227234
0	53.8413887	7.703573704	39.00013733	40.97715378	2.632616997	20.51085854
0	54.9562912	8.322721481	39.00013733	56.65355301	2.605007887	20.94976044
0	56.07119751	8.941868782	39.00013733	76.99917603	2.52267766	21.38866234
0	56.09999847	48.5	69.340065	94.68743134	2.352181911	26.24000168
0	58	45.58799744	118.6384888	110.6598206	2.380000114	26.00000191
0.261119068	58	60	119.6333466	125.2039871	2.430756807	27.8200016
5.426111698	58	60	118.6400909	112.9720917	2.446031094	27.8200016
0	58	56.39999771	119.1320801	107.6536484	2.474195957	27.96000099
0	58	56.39999771	119.7000732	107.5621948	2.50999999	27.96000099
0	58	56.5	118.60009	102.7599411	2.560406208	28.00000191
0	58	56.5	117.4605865	96.96238708	2.618450165	28.00000191
0	58	56.5	118.4000931	94.70806885	2.689247608	28.00000191
0	58	56.5	50.35996246	88.62776947	2.764325142	28.00000191
0	57.18301773	52.25570297	18.71858025	86.38265991	2.568625212	27.75507736
0	55.36973572	47.94036484	18.36755562	89.96763611	2.350516319	27.16708374
0	53.55645752	43.62503052	19.35280418	82.56933594	2.138171434	26.57909012
0	51.74317932	1.114869237	119.1519241	69.78631592	2.186958313	21.68376732
0	49.92990112	2.512337685	118.0224533	65.36249542	2.351073265	21.15928841
0	48.11661911	3.909806013	78.21118164	50.45525742	2.49632144	20.63480949
0	46.68461227	5.307274342	78.91744995	40.62706757	2.621084929	18.4166584
0	47.82545853	6.704742908	79.22311401	36.47543335	2.755461693	18.59136581
0	48.96630478	8.102210999	18.70005608	32.29825974	2.811500072	18.76607323
0	50.10714722	9.499679565	18.70005608	31.90649796	2.770261526	18.94078064
0	51.24799347	10.89714813	18.70005608	34.04169464	2.730946302	19.11548805
0	52.38883972	12.2946167	18.70005608	38.36590195	2.679964781	20.43387413
0	53.52968216	13.69208431	18.43963432	60.82355499	2.589926004	20.78737259
0	54.67052841	15.08955288	79.02883148	74.10984802	2.566905737	21.14086914
0	54.70000076	51.03080368	104.2696609	97.16402435	2.5400002	26.75194168
0	54.70000076	57.29999924	105.2999039	108.7558517	2.5400002	28.09000206
0	58	56.89999771	105.1999054	109.2328415	2.53000021	27.98000145
0	58	57.20000076	106.1359329	106.9089355	2.53000021	28.01000023
0	58	56.20000076	104.5491333	104.8199081	2.536797285	28.00000191
0	58	56.20000076	106.2998886	101.1939697	2.543406725	28.00000191
0	58	56.20000076	111.0167389	98.57351685	2.56684494	28.00000191
0	58	55.09999847	106.7545395	93.9300766	2.5983603	28.01000023
0	58	49.94749832	100.4410324	88.46777344	2.641928673	27.64750099
0	55.09999847	0	19.60004234	78.09949493	2.710436821	21.93000031
0	54.84782791	0	19.06214523	80.97058105	2.532263279	21.94098091
0	52.82254028	0	18.69082451	78.94862366	2.340157986	21.80899048
0	50.79724884	0	18.31950569	77.11656189	2.155282259	21.67700005
0	48.7719574	0	95.94158173	68.8544693	2.077886581	21.54500961
0	46.74666977	0	95.30005646	64.33013916	2.168342113	21.41301727
0	44.72137833	0	99.80249023	51.28661728	2.29610014	21.28102684
0	43.5	0	95.30005646	36.28618622	2.490368366	16.06002235
0	43.5	0	94.70006561	34.45487595	2.692055702	16.32083321
0	43.5	0	18.40006065	31.20957184	2.846773624	16.58164406
0	43.5	0	18.40006065	30.59036827	2.810809851	16.842453
0	43.5	0	18.40006065	33.00692368	2.773149967	17.10326385
0	43.5	0	18.64859772	40.55049896	2.713999987	20.15000153
0	43.5	0	19.0000515	55.04810333	2.624937534	20.15000153
0	50	0	99.45523834	64.0361557	2.591775656	20.02000046
0	50	0	99.18796539	73.95999146	2.673234224	24.05000114
0	60	0	69.70005798	85.51152039	2.680000067	25.85000038
4.235929489	58.26832199	0	45.79711914	86.61252594	2.565111399	25.24767494
8.968811989	56.33348846	0	47.20001221	86.06246948	2.435620785	25.40411949
13.70169449	54.39865494	0	46.17310333	88.44577026	2.309520483	25.34240341
0	52.46382141	0	75.56731415	82.78749084	2.248835087	25.88487053
0	50.52898788	0	97.78891754	79.85190582	2.261523247	25.33176994
0	48.79999924	0	97.69635773	65.08145142	2.326955318	20.01000023
0	51.5	0	48.60998917	71.21028137	2.405182362	19.98000145
0	52.5	0	18.63415146	71.91233063	2.254142761	20.01000023
0	52.5	0	18.977005	72.49334717	2.078666925	20.01000023
0	52.5	0	19.31985664	70.10404968	1.914181948	20.01000023
0	51.46238327	0	86.01816559	67.71151733	1.896128058	19.95111847
0	47.40205765	0	85.65901184	58.36588669	1.970582366	19.49757576
0	43.34173203	0	119.7775726	51.06692886	2.079892159	19.04403305
0	44.29999924	0	117.7001038	35.69979477	2.330000162	16.23000145
0	41.89999771	0	117.8894958	32.33420563	2.61446166	16.01000023
0	43.99129486	0	18.7159729	30.98991966	2.829191923	16.45639038
0	47.49359894	0	18.96188927	30.08499718	2.792196989	17.13946724
0	50.99590302	0	19.20780563	31.25929832	2.756581306	17.8225441
0	53.78319168	0	19.453722	39.31461716	2.699269295	20.37049103
0	56.54857635	0	78.50881195	57.47525406	2.66350913	20.55785179
0	59.31396484	0	46.71243286	72.0400238	2.650444508	20.74521255
0	59.39999771	0	46.16408157	86.18980408	2.528000116	24.16000175
0	59.70000076	0	46.70001984	92.60009766	2.390000105	23.99000168
0	60	58.20000076	45.91380692	104.3132553	2.214349985	26.84269714
0	58	52.70000076	46.20002747	98.95999908	2.042883873	25.98000145
0	58	52.5	46.6814537	91.75455475	1.890264273	25.99000168
0	58	52.39999771	96.60003662	90.98921204	1.850000024	25.97000122
0	58	52.29999924	97.4961853	87.85144806	1.878604531	26.01000023
0	58	52.29999924	97.71697235	84.14418793	1.913659692	26.01000023
0	58	51.79999924	97.52220917	77.6432724	1.962451696	25.97000122
0	58	51.89999771	99.94798279	79.70953369	2.029633284	26.06000137
0	56.32795715	49.93793869	45.22882843	78.76737213	1.93585515	26.18324089
0	54.54602814	48.06007767	45.67108536	79.14900208	1.82483077	26.3465538
0	52.76409912	46.18221283	47.38006973	76.29323578	1.725780487	26.50986481
0	50.9821701	44.30435181	48.18396378	71.62891388	1.639549136	26.67317772
0	49.20024109	0	85.70711517	61.87071991	1.61957705	26.20821762
0	47.41831207	0	85.27722931	52.53047562	1.708930731	25.38503075
0	47.59957886	0	118.8372726	33.44342804	1.903857231	16.22770309
0	45.45422745	0	118.5484238	31.0200367	2.175120115	16.47181892
0	43.30887985	0	118.8569336	31.11420822	2.458719969	16.71593666
0	41.80175781	0	119.165451	29.63353348	2.741519928	16.96005249
0	49.6896553	0	118.6708603	31.77014542	3.029920101	17.20417023
0	49.89999771	0	18.6000576	38.27023697	3.01432538	20.07999992
0	50.08963394	1.643255234	18.71909142	56.65528488	2.926366806	20.12711143
0	56.92716217	10.35565376	19.35019875	69.09307098	2.787953615	20.96010208
0	57.09999847	19.06805229	110.4098282	83.33985138	2.627447128	23.63436317
0	57.09999847	27.78045082	78.58139801	93.47166443	2.60367465	23.08808899
0	57.09999847	48.29999924	77.54520416	99.80332184	2.538183689	26.20000076
0	58	52.29999924	78.19992828	97.84001923	2.472349644	26.00000191
0	58	51.79999924	96.03095245	98.78111267	2.435338736	26.03000069
0	58	51.79999924	96.5069046	97.36269379	2.432869911	26.03000069
0	58	51.79999924	96.06197357	95.13621521	2.438879967	26.03000069
0	58	51.79999924	96.77793884	89.47407532	2.453772306	26.03000069
0	58	51.79999924	96.73146057	85.48192596	2.480000019	26.03000069
0	49.5	0	55.85987854	75.05703735	2.514982462	20.03000069
0	49.5	0	37.89791107	75.77996826	2.413475513	20.03000069
0	52.20000076	0	37.69976425	70.75571442	2.30205822	19.97000122
0	50.3792572	0	37.2567749	67.31759644	2.205815792	19.7382679
0	47.79478455	0	70.11108398	63.38504791	2.191154718	19.31672287
0	45.2103157	0	68.18230438	58.42405319	2.210404158	18.89517593
0	42.62584305	0	68.00008392	50.40089417	2.258524179	18.47363091
0	43	0	57.84052277	37.75406647	2.32409358	16
0	43.25104904	0	50.45145798	33.68408966	2.387290955	16.09825516
0	45.7747612	0	44.13032913	32.6566925	2.431637526	16.35996437
0	48.29847336	0	39.16457367	29.87682915	2.462112665	16.62167549
0	50.8221817	0	39.59345627	31.09986687	2.490924835	16.88338661
0	50.89999771	0	39.60012817	36.25035477	2.5	20.15000153
0	50.70663452	0	39.38570023	42.35854721	2.494090557	20.40429497
0	57.41188049	0	39.94777298	53.40557098	2.4664464	21.18038368
0	56.45310593	0	40.50984573	71.78708649	2.378434896	23.96808815
0	55.27310562	0	41.07191849	85.00115204	2.248166561	23.66743469
0	54.09310532	0	97.27758789	90.72877502	2.214995861	23.40672302
0	52.91310883	0	116.2910919	90.48433685	2.242907047	23.85061836
0	51.73310852	0	116.1350098	90.62200165	2.327954769	23.99079132
0	50.55310822	0	117.5122604	90.06639099	2.410000086	24.13096428
0	49.37310791	0	96.41285706	89.36465454	2.448502779	24.27113533
0	48.19311142	0	96.87438965	80.84988403	2.492919683	25.95201111
0	47.01311111	0	78.39992523	72.65000916	2.548947573	25.44282913
0	50.59999847	0	50.41847992	67.59686279	2.558512688	20.01000023
0	50.59999847	0	46.3215065	65.78762054	2.491351366	20.01000023
0	50.59999847	0	46.49320984	65.30012512	2.431209803	20.01000023
0	50.59999847	0	46.84679413	59.32098007	2.380185366	20.01000023
0	50.59999847	0	47.00001526	57.26162338	2.340000153	20.01000023
0	49.59999847	0	46.90001678	52.77300262	2.316114187	19.99000168
0	38.74117661	0	46.72348404	49.47140503	2.317574024	19.3636837
0	21.11524391	0	46.85547256	38.9668045	2.337217331	15.99000072
0	2.985151529	35.90614319	46.98745728	34.47827911	2.368858814	16.15000153
0	6.046845436	31.8837986	47.1194458	32.53607559	2.41227293	16.15000153
0	9.108539581	27.8614521	47.25143051	31.41608238	2.460935354	16.15000153
0	12.17023373	23.83910561	47.38341904	34.19981766	2.506829262	16.15000153
0	46.89999771	3.799999952	47.19593811	36.93208313	2.534394741	20.24000168
0	46.89999771	3.799999952	47.50414658	38.4320488	2.565912962	20.24000168
0	48.7609024	0	58.88405609	46.2155838	2.597272873	21.48857307
0	52.73082733	0	58.89983368	58.90628433	2.606766462	22.36302376
0	56.70075226	0	68.12903595	72.36218262	2.600439548	23.08202553
0	56.79999924	0	86.65496826	84.03317261	2.600000143	24.04000092
0	56.79999924	0	89.09976196	90.79179382	2.600000143	24.04000092
0	59.70000076	0	89.42904663	87.09979248	2.600000143	24.03000069
0	58.20000076	0	88.95178986	86.89979553	2.612843037	24.29342461
0	58.20000076	0	85.13696289	76.86148834	2.635907173	25.06435966
0	58.20000076	0	88.53095245	75.72724152	2.660060406	25.75000191
0	48.66131973	0	58.0066452	70.36320496	2.669682503	24.53684998
0	48.5	0	59.49982452	67.25946808	2.650000095	21.91000175
0	54.09999847	0	59.1998291	69.00006866	2.611493349	21.95000076
0.77824986	51.0786171	0	58.84225845	63.87989426	2.589886189	21.61707497
1.695336461	48.81446457	0	58.65657425	67.8783493	2.566099644	21.07156372
2.612422943	46.55031586	0	58.47089005	61.4979248	2.543567657	19.97082329
3.529509544	44.28616333	0	58.28520584	55.55070496	2.553578615	19.50734329
4.446596146	42.0220108	0	55.69988251	49.19998169	2.578354597	19.0438633
5.363682747	45.70000076	0	46.57410431	37.4719696	2.606627941	16.36898804
6.280769348	45.70000076	0	47.06498337	33.32149887	2.641854286	16.48104858
7.197855949	45.70000076	0	46.81277847	32.76958847	2.689524412	16.59310913
8.114942551	45.70000076	0	46.56056976	30.76470375	2.739573479	16.70516968
9.032029152	45.70000076	0	46.30836105	32.35576248	2.792037964	16.81723213
9.949115753	45.70000076	0	28.49990654	40.16318512	2.801364422	20.07999992
10.86620235	48.09999847	0	27.8999157	57.92881393	2.737342119	20.93209076
11.78328896	54.09999847	0	68.99250031	74.38563538	2.61834836	22.16645813
12.70037556	54.09999847	0	68.18920898	86.91979218	2.576813221	22.44498062
13.61746216	54.09999847	0	67.31479645	95.6950531	2.508724928	22.72350311
51.5	54.09999847	0	90.95050812	110.6673203	2.431017399	27.71000099
51.5	54.09999847	0	94.62794495	110.0758286	2.366579771	27.71000099
51.5	54.09999847	0	94.60006714	106.5850449	2.330683231	27.71000099
57.29999924	58	0	108.1896133	107.8020859	2.292449236	28.01000023
57.29999924	58	0	106.7455292	101.3462143	2.30920887	28.01000023
53.95856857	57.80617905	0	108.8316193	92.62943268	2.340720177	28.02000046
46.67285538	56.56902313	0	85.88536835	89.7179184	2.38819313	28.02000046
7.599999905	55.33186722	0	18.52797318	79.71783447	2.342756987	21.69158745
7.599999905	54.0947113	0	18.23274422	81.86436462	2.147485733	21.43496513
7.599999905	52.85755539	0	17.93751526	80.71730042	1.949485779	21.17834282
7.599999905	51.62039948	0	18.41519356	73.44611359	1.761846304	20.9217205
7.599999905	50.38324356	0	79.48814392	70.59337616	1.711172819	20.6651001
7.599999905	49.14608765	0	77.54605865	65.94567108	1.741874456	20.40847778
7.599999905	47.90893173	0	78.19992828	51.09495163	1.803523898	20.15185547
0.397681713	46.34374619	0.185874343	77.89366913	41.122715	1.924393535	18.0701561
1.938751817	47.67580795	0.906162441	77.39167023	35.95343399	2.050518751	18.3807621
3.47982192	49.00786972	1.626450539	78.88169098	32.85842896	2.190560102	18.6913681
5.020892143	50.33993149	2.346738577	78.11475372	31.76944923	2.336081743	19.00197411
6.561962128	51.67199326	3.067026854	77.93656158	32.67412949	2.486000061	19.31258202
8.103032112	53.00405502	3.787314892	46.55284119	40.70085144	2.578568935	20.58386421
9.64410305	54.33611679	4.507603168	45.62898636	58.3910408	2.569837332	21.23416519
11.18517303	55.66817856	5.227890968	46.72228622	68.4046936	2.512673616	21.88446617
12.72624302	55.70000076	5.948179245	88.01977539	87.44478607	2.475089788	23.49611092
14.267313	55.70000076	6.668467522	117.4877396	94.72872925	2.542742968	23.27667427
52.5	55.70000076	7.388755322	117.2284088	100.9407272	2.606503725	23.84404564
52.5	55.70000076	8.109044075	116.8281708	107.7030258	2.640155315	27.79000092
52.5	55.70000076	8.829331398	116.8457336	106.1613922	2.676932812	27.79000092
52.5	55.70000076	9.549619675	115.6225281	103.1849365	2.70918107	27.79000092
55.29999924	58	0	115.9001312	100.0910187	2.757467747	28.00000191
52.17760468	58	0	116.3302536	96.39003754	2.817526579	27.80630112
47.43851089	58	0	119.7600708	88.06772614	2.90348649	27.51464081
5.699999809	58	0	79.37034607	78.28594971	2.903868675	22.16000175
5.699999809	58	0	18.4967041	80.08580017	2.752628565	22.16000175
5.699999809	58	0	18.75487328	78.46858215	2.556205273	22.16000175
5.699999809	58	0	18.12074471	80.29853058	2.359243393	22.16000175
5.699999809	58	0	18.80373764	72.46949005	2.175658703	22.16000175
5.699999809	58	0	96.10004425	65.90539551	2.054845095	22.16000175
5.699999809	43.83108902	0	95.55731964	55.76654816	2.167360067	21.46471214
5.699999809	46.79999924	0	58.78944397	38.72385025	2.284286022	16.47233963
5.699999809	46.79999924	0	45.97783279	33.75696564	2.329107046	16.74008179
5.699999809	46.79999924	0	43.23022461	32.88248444	2.368207932	17.00782394
5.699999809	46.79999924	0	41.07723618	32.26118088	2.404916525	17.2755661
5.699999809	46.79999924	0	39.5001297	33.67556381	2.428957224	17.54330826
5.699999809	46.79999924	0	39.5001297	41.81879807	2.421595097	20.22000122
0	50.97511673	0	59.25982666	60.04426193	2.411752939	19.98000145
0	59.17229843	0	95.29038239	73.44000244	2.440268993	19.98000145
0	59.39999771	0	95.73423004	91.30011749	2.456415892	23.53171539
0	60	0	96.68080139	95.9000473	2.457534552	22.35500145
55.79999924	60	0	126.5245972	103.6799316	2.465729237	26.24000168
55.79999924	60	0	125.7999802	102.7293549	2.539690971	26.24000168
51.0812912	57.35822678	0	126.9467697	100.6612625	2.621702194	25.78705978
49.88445282	56.67163467	0	125.8064194	101.9999542	2.700430155	25.52715302
48.68761444	55.98504639	0	123.7145691	93.90632629	2.785507441	25.26724815
47.49077606	55.29845428	0	87.63604736	91.50011444	2.786709785	25.00734138
46.29393768	54.61186218	0	85.59555817	89.86680603	2.782114744	24.74743462
45.09710312	53.92527008	0	89.9176712	84.93107605	2.784793139	24.48752785
0	53.23867798	0	18.05369759	81.22845459	2.624865055	22.55500031
0	52.55208588	0	17.66995811	75.13330841	2.429210663	21.92274475
0	51.86549377	0	17.33551216	77.47065735	2.238684177	21.65511513
0	51.17890549	0	17.45105553	70.02646637	2.05558157	21.38748741
0	50.49231339	0	38.43321609	64.779953	1.894464374	21.1198597
0	49.80572128	0	97.05003357	55.59988403	1.997234106	20.85223007
0	44.29999924	0	97.318573	38.6531601	2.185555696	16.74780464
0	44.29999924	0	59.35545731	35.54248047	2.361613035	17.13082695
0	44.29999924	0	43.62788773	33.18459702	2.412383318	17.51384926
0	44.29999924	0	43.82795715	32.51824188	2.447587967	17.89687157
0	44.29999924	0	44.02802277	33.57460403	2.482078552	18.27989388
0	44.29999924	0	44.22808838	41.56548309	2.485408783	20.10000038
0	44.29999924	0	55.08613205	58.92205429	2.474949837	20.10000038
0	59.11032867	0	69.195961	73.1000061	2.460814476	20.90101624
0	59.5	0	68.03016663	92.39057922	2.395368576	23.69000053
53.29999924	60	0	107.1895294	103.049942	2.326321125	27.19966507
57.39999771	58	0	108.3803864	107.8412018	2.322033644	27.97000122
57.39999771	58	0	107.9649658	107.4498749	2.32777524	27.97000122
57.39999771	58	0	107.6603546	102.7042923	2.341540337	27.97000122
57.39999771	58	0	108.4490662	104.7517624	2.340000153	27.97000122
57.39999771	58	0	107.6115112	95.36005402	2.3768785	27.97000122
57.39999771	58	0	107.5605469	89.77998352	2.419496536	27.97000122
57.39999771	58	0	107.4198685	83.19174194	2.482197762	27.97000122
1.250392199	57.06179047	0	19.59430122	73.7043457	2.475813866	22.04013062
3.829997778	55.5868721	0	18.81212997	80.66551208	2.287837982	21.79211998
6.409603596	54.11195755	0	18.55495453	77.60853577	2.092051506	21.54410934
8.989209175	52.63703918	0	19.19589424	75.12628937	1.903077006	21.29609871
11.56881428	51.16212463	0	112.9997864	70.16320801	1.928000093	21.04808807
14.14842033	49.68720627	0	107.4736786	66.36677551	2.051071644	20.80007744
16.72802544	48.21229172	0	108.3665237	52.31243515	2.208250046	20.55206871
52	8.099999428	0	50.08383942	43.69943619	2.359125614	18.52389145
52	8.099999428	0	46.36948776	37.30565262	2.386577129	18.7216835
52	8.099999428	0	59.13235092	34.65901947	2.443908215	18.91947365
52	8.099999428	0	60.45230865	34.29981613	2.52425313	19.1172657
52	8.099999428	0	55.80572891	34.29981613	2.599611759	19.31505775
52	8.099999428	0	66.10011292	43.22851944	2.671212196	22.04000092
54.36750412	10.74323559	0	67.76940918	60.91980362	2.716981888	22.7179184
59.47237778	23.30026436	0	68.44387054	79.07922363	2.697164297	23.5687294
59.59999847	54.59999847	0	91.41782379	99.22307587	2.632894754	26.0700016
58	53.02547455	0	98.69088745	111.6679916	2.595407009	28.11863899
58	51.56787491	0	96.11075592	109.7398376	2.552265406	28.00470543
58	50.11027145	0	95.83908844	110.984436	2.509429932	27.89077377
58	48.65267181	0	96.12593842	103.8527069	2.481647491	27.77684021
58	47.19507217	0	96.41278839	107.8441238	2.4456141	27.66290855
58	45.73746872	0	95.60005188	100.943718	2.41008234	27.54897499
58	44.27986908	0	149.2638397	99.69998932	2.552307844	27.43504143
58	42.82226944	0	107.9384766	90.4903717	2.668536663	27.32110977
55.39885712	0.433321208	0	26.64993477	85.34168243	2.730484009	21.87067223
53.75209427	1.225177169	0	18.71463966	82.86804199	2.538000107	21.67088509
52.10533524	2.0170331	0	18.48305702	75.1399765	2.342894793	21.47109604
50.4585762	2.808889151	0	19.55424118	76.26662445	2.156666756	21.27130699
48.81181717	3.600745201	0	77.20785522	69.98005676	2.130959749	21.07151985
47.16505814	4.392601013	0	77.91983032	64.46006012	2.161180258	20.8717308
45.5182991	5.184457302	0	76.96512604	56.69986725	2.217820644	20.67194176
48.29999924	5.976313114	0	78.06284332	43.07654572	2.327903271	18.37000084
48.29999924	6.768168926	0	77.69993591	38.14116287	2.448035717	18.37000084
48.29999924	7.560025215	0	77.69993591	35.60678482	2.580566168	18.37000084
44.28178787	8.351881027	0	77.28826141	34.76207733	2.717631578	18.04576302
48.79522324	9.143736839	0	37.87796021	33.49982834	2.807771683	18.93365669
52.5	9.935592651	0	19.17177963	44.645504	2.75633359	22.38809967
52.5	10.72744942	0	47.71379852	52.29993439	2.66833353	23.1835556
52.5	11.51930523	0	51.11299515	71.1286087	2.61795187	23.97901154
58	54.09999847	0	90.1001358	95.90874481	2.613018274	26.3900013
58	52.59999847	0	107.6685257	102.6999435	2.610723019	26.05000114
58	52.59999847	0	107.2998734	107.5168915	2.620000124	26.05000114
58	53.70000076	0	107.4853668	108.8623505	2.612969637	25.99000168
58	53.70000076	0	107.5224533	104.4999161	2.619257689	25.99000168
58	53.70000076	0	108.5151367	104.7031403	2.62731576	25.99000168
58	51.58965683	0	107.5491791	100.3277588	2.635980606	26.61486435
58	46.43421173	0	89.54554749	94.22507477	2.623282909	27.49557686
58	41.27876282	0	89.41096497	90.82307434	2.613529444	26.73737335
58	0	0	89.60639191	82.19986725	2.6483109	22.35000038
58	0	0	89.40713501	76.12496185	2.669368029	22.35000038
58	0	0	85.6825943	71.40926361	2.715314627	22.35000038
58	0	0	85.99980927	68.60007477	2.767328501	22.35000038
50.42720795	0	0	18.64001846	61.59219742	2.783103704	22.01000023
46.98511505	0	0	18.91403961	62.54977798	2.648200035	22.01000023
43.54302597	0	0	19.18806076	51.51661301	2.527735949	22.01000023
40	0	0	96.60003662	38.50249863	2.494499922	15.69000053
40	0	0	69.60005951	34.30847168	2.675873041	15.69000053
44.3729744	0	0	65.36407471	31.49430466	2.78323102	16.44134903
47.73512268	0	0	51.04995346	30.67911911	2.893222332	17.0180645
51.09726715	0	0	43.50006866	32.08124542	2.93894124	17.59478188
51.20000076	0	0	43.50006866	35.99279785	2.960723639	20.19000053
49.47473907	1.139195442	1.139195442	39.85106659	41.40010071	2.965031147	20.50786591
55.71790695	3.702385187	3.702385187	41.0154686	54.85758591	2.942533493	21.71806335
55.89999771	6.265574932	6.265574932	71.05071259	70.49095154	2.877298594	24.08000183
55.89999771	8.828764915	8.828764915	70.10005188	85.71647644	2.851465225	24.08000183
59.20000076	0	0	90.38013458	90.78234863	2.82775259	23.69296837
59.20000076	0	0	90.30013275	91.20011902	2.820000172	23.99000168
58	51.79999924	0	38.50014496	86.74980164	2.743061304	25.97000122
58	51.70000076	0	89.28517914	82.47007751	2.714285851	26.04000092
58	51.70000076	0	84.32289886	77.12543488	2.735936165	26.04000092
58	45.37590027	0	78.2638855	75.11425781	2.746380329	25.6919384
58	43.19501114	0	78.69992065	76.2646637	2.7579813	25.47750092
53.70000076	0	0	69.27775574	71.88639069	2.74656558	21.99000168
53.70000076	0	0	38.46714401	71.18984985	2.673333406	21.99000168
53.70000076	0	0	38.115448	70.22754669	2.574305773	21.99000168
53.70000076	0	0	37.76375198	67.56965637	2.474936724	21.99000168
53.70000076	0	0	59.15210724	64.95219421	2.431675673	21.99000168
53.70000076	0	0	58.77558136	58.64331436	2.436570168	21.99000168
50.79999924	0	0	58.79983521	49.69997406	2.450000048	21.97000122
42.37628174	0	0	58.79983521	34.42981339	2.533695936	16.11426163
44.20084	0	0	60.49575043	31.25486374	2.619605303	16.29941177
46.77317047	0	0	59.0622139	30.76818466	2.71350646	16.48456001
49.34549713	0	0	55.89987946	30.17260742	2.801264524	16.66970825
51.91782761	0	0	18.6000576	33.03294754	2.778889179	16.8548584
52	0	0	18.6000576	41.41700363	2.717254877	21.00496864
52	0	0	18.6000576	61.28779602	2.617547274	21.82169914
55.89999771	0	0	19.70004082	78.99991608	2.451428652	21.99000168
55.89999771	47	0	77.61845398	98.08001709	2.305222511	26.12000084
58	54	0	77.79993439	108.4776306	2.218656778	26.94035339
58	54	0	95.80004883	110.6998215	2.160000086	27.99000168
58	56.70000076	0	95.18369293	105.7067947	2.122982502	28.00000191
58	56.70000076	0	96.21044922	107.9947357	2.09011507	28.00000191
58	56.70000076	0	95.0076828	107.8191605	2.056994677	28.00000191
58	53.84668732	1.996803284	96.72891998	97.67274475	2.043133259	28.00000191
58	50.07587051	4.462838173	119.1734161	95.04621124	2.079806089	28.00000191
58	46.30505753	6.928873062	115.5057602	87.56228638	2.164482832	28.00000191
55.38349533	5	9.394907951	29.97955704	78.74277496	2.252582788	22
52.70597076	5	11.86094284	27.8770771	77.76357269	2.106363773	22
50.0284462	5	14.32697773	27.12196159	76.63328552	1.949777842	22
47.35092163	5	16.79301262	26.6782093	76.89994812	1.792766094	22
44.67339706	5	19.25904846	118.9254913	70.83753967	1.847450972	22
1.100000024	5	21.7250824	96.05004883	-20.10782623	2.017999887	2.450000048
1.100000024	5	24.19111824	18.29442596	-3.03636694	2.122941256	0.650000036
1.100000024	5	26.65715218	18.67492485	2.820016861	2.179701567	0.650000036
1.100000024	5	29.12318802	19.28131485	3.499897003	2.231108189	0.650000036
1.100000024	5	39.11949539	118.8390961	30.44987679	2.314166784	4.53000021
1.100000024	5	47.53210831	59.13804245	45.29418945	2.426538467	9.90677166
1.100000024	5	56.37119675	55.96850204	46.85001755	2.444299698	18.60901833
1.100000024	5	52.4108429	55.64578247	46.19567871	2.477980614	18.5859623
1.100000024	5	48.45048523	55.3230629	56.97319794	2.483234882	18.31069946
1.100000024	51.70000076	56.95777893	55.59127045	84.13256836	2.446106672	22.15462685
1.100000024	51.70000076	57.29999924	89.05680847	90.00458527	2.337800264	25.93000031
1.100000024	51.70000076	57.29999924	88.59976959	96.65003967	2.31092	25.93000031
0	58	56.09999847	89.15291595	100.6576233	2.27259779	27.99000168
0	58	56.09999847	90.04127502	99.62416077	2.23341918	27.99000168
0	58	56.09999847	19.15539551	99.42614746	2.148551702	27.99000168
0	58	56.29999924	18.9250927	98.33376312	1.895579815	28.02000046
0	58	56.29999924	95.18006134	94.1350708	1.655777812	28.02000046
0	58	56.29999924	147.6060638	91.560112	1.74297452	28.02000046
8.208577156	58	47.55073929	147.4945679	83.87728119	1.938222289	26.95236588
54.09999847	1.5	0	111.8998032	77.16699982	2.169314384	21.98000145
55.70000076	0	0	77.37407684	78.05239105	2.177037001	21.98000145
55.70000076	0	0	57.79256821	77.00146484	2.170212507	21.98000145
55.70000076	0	0	57.11262131	77.75063324	2.109265089	21.98000145
54.79999924	0	0	100.3474045	68.90628052	2.161800146	21.99000168
54.79999924	0	0	95.80004883	64.80013275	2.257999897	21.99000168
41.75489807	0	0	95.08218384	53.89848328	2.376571655	22.03000069
43.84217453	0	0	38.41048813	39.74308777	2.493124723	16.94669533
42.83428955	0	0	39.03334427	32.4056778	2.503401279	16.15077209
45.66151428	0	0	33.19545746	31.22070313	2.519796371	16.50086594
48.48874283	0	0	32.59984207	32.3531456	2.515553474	16.85095978
51.31596756	0	0	32.59984207	33.29983139	2.511310577	17.20105362
51.39999771	0	0	32.59984207	43.35794449	2.492980242	20.40000153
50.09999847	0	0	32.69984055	58.42514038	2.431340933	19.97000122
58.98335266	3.127819538	0	95.80470276	73.00000763	2.410437822	20.78915215
59.29999924	7.639097691	0	95.35365295	88.78153229	2.441323519	23.15629196
59.29999924	12.15037632	0	97.49371338	91.86981201	2.45878458	22.63598824
59.29999924	54	0	95.42810059	100.9295731	2.445737839	26.12033844
59.29999924	54	0	95.6950531	100.0211868	2.440770388	25.90000153
59.29999924	54	0	96.0462265	96.76772308	2.442407608	25.90000153
59.29999924	54	0	105.3999023	97.51729584	2.470000029	25.90000153
58	49.4720459	0	116.9059982	99.05874634	2.522564173	27.51887894
58	45.48844147	0	95.10005951	88.13169861	2.537389994	27.29127121
58	9.588181496	0	95.37010193	75.17411804	2.57081604	25.17811775
58	0	0	18.64307213	77.44243622	2.566857338	22.21000099
58	0	0	18.1439476	79.59213257	2.378865004	22.21000099
58	0	0	17.90006828	78.8999176	2.181889057	22.21000099
56.29999924	0	0	18.48582458	76.39995575	1.990461707	21.17544746
56.29999924	0	0	79.46347046	66.16727448	1.935821295	20.17000008
56.29999924	0	0	77.52998352	59.8974762	1.98660624	20.17000008
41.477108	0	0	77.49993896	47.67285156	2.065648317	18.63265038
48.09999847	0	0	68.66501617	36.0365448	2.179761171	16.53689003
48.09999847	0	0	68.91439819	32.45734406	2.291566849	16.85323524
48.09999847	0	0	69.16378021	31.52872849	2.411566734	17.16957855
48.09999847	0	0	69.41316223	31.88484001	2.534258366	17.48592377
48.09999847	0	0	69.60005951	33.00720596	2.654849291	17.80226898
48.09999847	0	0	70.71089935	42.83990479	2.75041461	20.22000122
48.09999847	0	0	39.20013428	60.19628525	2.763174534	20.22000122
59.60338974	0	0	38.09975815	70.68157959	2.676327944	20.58521843
58	3.541025639	0	38.98386383	89.30818176	2.52781415	23.58695602
58	8.156410217	0	38.34928131	91.9938736	2.361535072	22.89754105
58	50	0	95.18630219	100.2799835	2.213235855	26.31000137
58	50	0	95.65710449	102.7955704	2.192668915	26.31000137
58	50	0	95.10005951	99.52703857	2.180500031	26.31000137
58	53.20000076	0	98.47380066	94.81414032	2.185708284	25.99000168
58	53.20000076	0	95.68014526	95.92604828	2.183694601	25.99000168
58	53.20000076	0	96.92375946	88.51976776	2.200000048	25.99000168
56.10802841	50.36679077	0	96.37034607	86.39263153	2.22624588	25.72349358
53.44432068	47.50423813	0	18.78537369	84.60211182	2.200649977	25.39051437
50.78061295	44.64168549	0	18.04699135	81.70012665	1.999028563	25.05753517
48.11690903	5.269090652	0	17.61714745	74.53525543	1.798650026	25.07400131
45.37454224	0	0	18.24472427	71.13470459	1.633476257	19.84284782
42.62856293	0	0	79.61239624	63.12915421	1.603524446	19.6523037
39.88258743	0	0	77.82728577	60.03860474	1.658297658	19.46176147
37.13661194	0	0	77.42071533	49.41854858	1.727483869	19.27121735
44.37592697	0	0	79.43799591	37.32531357	1.858377457	16.29000092
42.70000076	0	0	79.19290924	32.58984375	2.00434041	16.29000092
42.70000076	0	0	77.79993439	32.0998497	2.157480001	16.29000092
45.72512436	0	0	76.81964874	31.65418243	2.307428837	16.33794785
50.76285934	0	0	77.03105164	32.35317993	2.452794552	16.80849838
47.39999771	0	0	59.64010239	43.777565	2.557740688	20
47.39999771	0	0	43.10007477	57.69385147	2.570000172	20
59.21871567	6.879330635	0	96.47465515	70.30004883	2.531565428	21.31442261
59.5	55	0	95.77037048	91.90190125	2.552614212	25.88165855
59.5	55	0	95.21385956	95.31339264	2.553036451	26.08346367
59.5	55	0	99.90481567	104.0721741	2.538992643	26.10000038
59.5	55	0	76.32831573	97.96287537	2.483547211	26.10000038
59.5	55	0	76.9189682	92.99450684	2.427374125	26.10000038
59.5	55	0	76.09996033	92.87719727	2.36739397	26.10000038
55.83909225	49.41047287	0	76.85515594	106.413826	2.283833504	25.56131935
52.9057312	45.48804474	0	75.80778503	102.6568222	2.188199997	24.95224953
49.97237396	41.56561279	0	104.4999161	86.6707077	2.135488033	24.3431797
49.59999847	0	0	46.90001678	77.19961548	2.244993448	19.88000107
49.59999847	0	0	18.25215149	78.83824921	2.075389147	19.88000107
49.59999847	0	0	17.9769516	75.83030701	1.883948803	19.88000107
49.59999847	0	0	17.70175362	71.86930084	1.707658529	19.88000107
52.70000076	0	0	116.2754059	64.06643677	1.718976736	20.04000092
50.79999924	0	0	79.01013947	57.96292496	1.815651417	20.04000092
45.55142975	0.008790131	0	56.62802124	51.99993896	1.852640033	19.41000175
46.21718216	0.967713416	0	57.12006378	39.48111343	1.91604805	16.16684914
47.29692841	1.926636815	0	57.46149063	36.13902664	1.982077003	16.27452278
48.37667465	2.885560036	0	57.8029213	34.57440567	2.055010319	16.38219833
49.4564209	3.844483376	0	35.56417465	32.37388992	2.087615013	16.48987389
50.53616714	4.803406715	0	37.27734756	33.71726227	2.095964193	16.59754753
51.61591339	5.762330055	0	48.5333786	40.09953308	2.120502234	20.54353905
52.69565964	6.721253395	0	58.72328568	45.25850296	2.146276474	20.86807442
53.77540588	7.680176735	0	68.72389221	61.4979744	2.155705929	21.19260788
53.79999924	8.639100075	0	86.0096283	84.8926239	2.155665874	23.32555962
53.79999924	51	0	98.48361969	99.03199768	2.161205292	25.67028618
53.79999924	51	0	99.09008026	107.4725037	2.127985954	26.23443413
53.79999924	51	0	99.96161652	107.8006058	2.095554113	26.63184929
53.79999924	51	0	100.1999817	111.383812	2.061062336	27.92000198
53.79999924	51	0	99.5645752	107.3469543	2.029624701	27.92000198
58	56.39999771	0	98.64080048	102.1432877	2.020358562	27.96037292
58	52.11428452	0	97.55762482	97.13414764	2.028042555	27.11118889
58	47.82857132	0	96.04219055	89.63215637	2.046546936	26.26200294
58	6.099999905	0	73.59999847	79.0968399	2.060000181	21.94000053
58	6.099999905	0	72.40001678	73.0533371	2.044312716	22.01000023
55.59999847	0	0	46.39760208	72.14544678	2.010266542	21.84572792
55.59999847	0	0	46.65251541	69.0800705	1.933274627	21.47621536
55.59999847	0	0	46.90742874	60.77113724	1.875091076	21.1067028
55.59999847	0	0	47.16234207	57.60453415	1.83239603	20.73718834
38.36999893	0	0	66.7431488	46.94379807	1.87569499	18.20524216
43.59999847	0	0	67.71923065	38.33377075	1.96838963	16
43.59999847	0	0	68.24349976	34.32445145	2.071169376	16
43.59999847	0	0	69.18838501	32.30355835	2.183868885	16
43.59999847	0	0	49.29998016	31.41415405	2.266671896	16
51.88586426	0	0	48.1332016	31.49249268	2.323915005	17.64452171
52.39999771	0	0	46.62259674	38.35881042	2.35327363	20.51027107
52.39999771	0	0	46.94785309	42.22002411	2.375143528	20.85202789
52.39999771	0	0	59.99981689	56.73039246	2.39277029	22.58111954
52.39999771	0	0	77.51595306	66.51221466	2.410247803	24.11000061
56.89999771	0.013763886	0	77.47679901	77.05542755	2.419125557	24.71711349
56.89999771	0.397872329	0	76.83106995	81.75987244	2.401607752	25.99000168
56.89999771	0.781980813	0	77.07345581	77.01994324	2.40376091	25.99000168
56.89999771	1.166089296	0	77.04431915	76.02555847	2.408066988	25.99000168
56.89999771	1.550197721	0	76.5999527	71.53056335	2.418477297	25.99000168
56.89999771	1.934306145	0	76.5999527	68.90518951	2.438431263	25.99000168
56.89999771	2.318414688	0	75.47959137	67.42809296	2.461223841	26.04000092
56.89999771	2.702522993	0	58.57543182	65.30231476	2.478909016	26.04000092
56.89999771	3.086631536	0	58.79983521	64.27251434	2.460232258	26.04000092
54.93465424	3.47074008	0	59.30031204	67.81617737	2.436055422	25.77403641
52.22580719	3.854848385	0	59.73666763	65.48739624	2.410526037	25.47493553
49.51695633	4.238956928	0	76.99401855	65.82585144	2.437451839	25.17583466
45.93703461	4.623065472	0	77.31575775	57.82446671	2.481650114	19.79089737
41.24847031	5.007174015	0	76.83776093	53.28903198	2.547242403	19.50149345
36.55990982	5.391282082	0	96.25915527	47.90000153	2.65953207	19.21209145
44.64699936	5.775390625	0	25.15995789	35.30882645	2.83665967	16.43175697
46.4469986	6.159499168	0	18.50005913	32.43450546	2.791137695	16.64994049
48.24699783	6.543607712	0	18.50005913	31.21843719	2.749744654	16.8681221
50.04699707	6.927716255	0	18.50005913	31.88737297	2.711641312	17.08630371
51.84699631	7.311824322	0	18.50005913	32.19984818	2.671628714	17.30448532
51.89999771	7.695932865	0	18.50005913	40.7844429	2.609128952	20.18000031
51.89999771	8.080041885	0	18.50005913	58.19802475	2.509344816	20.18000031
59.64508438	8.464149475	0	98.44371033	72.63001251	2.489162683	19.96000099
57.89734268	52.29063034	0	97.49820709	96.63220978	2.496608257	26.13704681
56.77406311	51.09392166	0	97.3376236	109.9335175	2.467238665	28.03082848
55.65077972	49.89721298	0	97.94478607	117.7201004	2.414130926	27.91656494
54.52749634	48.7005043	0	97.08300018	115.0860062	2.3548944	27.80230141
53.40421295	47.50379181	0	96.64785004	108.7762375	2.307016134	27.68803787
52.28092957	46.30708313	0	95.4708786	101.9199524	2.277008772	27.57377434
51.15764618	45.11037445	0	96.11730194	103.2144775	2.260657072	27.45951271
50.03436279	43.91366196	0	96.74926758	92.93978119	2.267068624	27.34524918
48.91107941	42.71695328	0	98.29525757	89.02851868	2.285184383	27.23098564
56.23893356	0.100000001	0	28.24713135	80.49360657	2.314064741	21.88212585
54.51864243	0.100000001	0	27.49909019	82.15903473	2.147666693	21.70702362
52.7983551	0.100000001	0	26.75007629	80.89089203	1.968380928	21.53191948
51.07806778	0.100000001	0	25.72466278	79.09241486	1.789571524	21.35681725
49.35777664	0.100000001	0	79.92212677	72.65309143	1.662238836	21.1817131
47.63748932	0.100000001	0	77.61685944	68.13686371	1.679073095	21.00661087
45.917202	0.100000001	0	77.10764313	53.36281586	1.735166788	20.83150864
47.8029213	0.100000001	0	95.81295776	36.81174469	1.881450057	16.1527977
45.70856094	0.100000001	0	97.53909302	33.20075226	2.077371597	16.36078262
43.61420059	0.100000001	0	96.13660431	31.68888283	2.287943125	16.56876945
41.51984024	0.100000001	0	130.1614838	31.77246666	2.539905071	16.77675629
50.4312439	0.100000001	0	47.80667114	31.49986076	2.839026451	16.98474312
50.70000076	0.100000001	0	19.20004845	44.02829742	2.777468204	20.22000122
49.59999847	0	0	18.40006065	63.15384293	2.6753335	20.02000046
59.59098053	0	0	19.16216087	72.77570343	2.514657021	20.60336494
60	0	0	127.4970779	87.80860901	2.450171947	23.91000175
60	6.51581049	0	127.8183365	93.60310364	2.573939562	22.76216698
60	50	0	126.1032257	96.94634247	2.666502953	26.20000076
58	52.20000076	0	86.07991028	97.92858887	2.649671078	26.01000023
58	52.20000076	0	87.44978333	97.65002441	2.610707283	26.01000023
58	52.20000076	0	109.9926224	98.12501526	2.613879919	26.01000023
58	52.20000076	0	108.9689484	92.65107727	2.658244371	26.01000023
57.83105469	51.48279572	0	77.89993286	82.6042099	2.663599968	26.01770973
50.22857285	41.70859909	0	77.89993286	76.64481354	2.657816648	25.46461105
50.5	0	0	28.09991264	62.80669785	2.649857283	19.98000145
50.39999771	0	0	28.10873985	64.43902588	2.538360834	19.99000168
51.79999924	0	0	27.54613113	67.4765625	2.411250114	19.99000168
51	0	0	26.99992943	64.36511993	2.289666891	19.97000122
50.89999771	0	0	48.18979263	67.20009613	2.190613985	19.97000122
50.39999771	0	0	49.34024811	56.5082016	2.153841019	20.01000023
39.09370422	0	0	48.99998474	47.40000916	2.158910275	19.21134758
45.70122528	0	0	116.9429703	34.52698517	2.247036934	16.22000122
41.39999771	0	0	87.04190063	30.64966965	2.509500027	16.22000122
41.39999771	0	0	86.99979401	29.29989433	2.695263147	16.22000122
41.09999847	0	0	86.38929749	28.19991112	2.88648653	16
51.436409	0	0	18.96645927	29.54436302	3.011449575	17.5708046
52	0	0	18.51856613	38.40750504	2.9572649	20.11000061
52	0	0	18.20006371	58.42841339	2.862982512	20.11000061
59.32455444	5.713043213	0	18.83676147	71.11003876	2.71441865	20.61454773
59.59999847	11.97391319	0	19.20574951	87.96644592	2.500937462	23.72548294
59.59999847	51.5	0	109.7904205	99.63999176	2.420000076	28.05228996
58	57.09999847	0	109.3572083	103.358757	2.429628372	28.02000046
58	57.09999847	0	135.4519348	106.0042419	2.439856052	28.02000046
58	55.79999924	0	137.3998108	102.0477829	2.5400002	28.01000023
58	55.89999771	0	136.0245056	98.90784454	2.663492203	27.99000168
58	54.89999771	0	87.94263458	95.59236145	2.697174072	27.99000168
58	54.29999924	0	88.0460434	88.77073669	2.692345619	27.98000145
58	54.29999924	0	87.27996826	83.56429291	2.703589439	27.98000145
58	53.79999924	0	87.29978943	86.62889099	2.704343557	28.05000114
58	53.79999924	0	17.94670296	83.21984863	2.5264709	28.05000114
58	53.79999924	0	17.60668373	75.50505066	2.323589802	28.05000114
58	53.79999924	0	17.26666641	77.78111267	2.126052856	28.05000114
58	53.79999924	0	77.29994202	70.4000473	2.069416761	28.05000114
47.26281357	0	0	79.3952713	56.77986526	2.122385502	21.51115799
41.18442154	0	0	78.79991913	49.3812294	2.20701766	20.50973511
42.70000076	0	0	78.79991913	34.29981613	2.346122503	15.86000061
44.36375809	0	0	79.68135834	33.64905548	2.497142792	16.22366714
46.68552399	0	0	65.15013123	31.65990829	2.649019718	16.46366692
49.00728989	0	0	45.495121	29.07896805	2.660787582	16.70366669
51.32905579	0	0	28.68907547	30.75336075	2.681308985	16.94366837
54.17907333	0	0	29.63569832	39.42513275	2.660259008	20.58648109
57.04573822	0	0	78.10118866	55.33692551	2.661636353	21.07183838
59.91240692	0	0	63.85730743	66.97509766	2.681296349	21.55719376
57.29999924	5.426712513	0	71.71644592	84.12841034	2.627407551	23.72437668
57.29999924	13.8474741	0	68.94994354	88.35977173	2.572564363	23.2656517
57.29999924	49.39999771	0	67.58953857	94.48242188	2.503225803	26.15000153
57.29999924	49.39999771	0	83.69984436	94.95005798	2.460000038	26.15000153
58	52.39999771	0	84.27655792	88.92476654	2.432245016	25.99000168
58	52.39999771	0	83.97224426	88.44976807	2.410000086	25.99000168
58	52.39999771	0	83.49984741	81.11988068	2.410000086	25.99000168
54.58250427	49.19246292	0	84.0165863	78.96008301	2.422473669	25.65788651
48.25706482	43.99599075	0	83.70034027	79.68949127	2.436315775	24.96914101
46.5	0	0	29.99988365	69.115448	2.462193489	19.81000137
46.5	0	0	18.40006065	69.64877319	2.313488483	19.81000137
52.18464661	0	0	18.20213699	71.17824554	2.146118879	19.93530083
49.76918793	0	0	18.98396111	69.28006744	1.976818323	19.6695118
47.35372925	0	0	69.78038788	62.56292343	1.92399025	19.40372086
44.93827057	0	0	65.4441452	56.75546265	1.952157974	19.13793182
42.52281189	0	0	65.80671692	44.9625473	2.003956556	18.87214279
45.59999847	0	0	66.16928101	33.38914108	2.107676506	16.40000153
42.97594452	0	0	65.68119812	31.55176926	2.215181828	16.1380558
45.52724457	0	0	66.49985504	29.72218895	2.331033468	16.45277596
48.0785408	0	0	65.72240448	28.80177689	2.44951725	16.76749802
50.62984085	0	0	39.5001297	29.39989281	2.491182566	17.08222008
50.70000076	0	0	39.5001297	38.53247452	2.5	20.21000099
49.20000076	0	0	55.29988861	55.18333817	2.49000001	20.04000092
58.34337997	0	0	65.70011902	70.05879974	2.464623928	20.03000069
58.59999847	0	0	77.59993744	86.23980713	2.43688798	24.13000107
59.5	0	0	86.19980621	86.23911285	2.430000067	23.97000122
58	52.29999924	0	85.20254517	93.55608368	2.419752836	25.99000168
58	52.29999924	0	85.99980927	91.11012268	2.384172916	25.99000168
58	52.09999847	0	87.00641632	93.30130768	2.366125584	26.09000015
58	52.09999847	0	85.19982147	95.17398071	2.335541487	26.09000015
58	52.39999771	0	97.2301712	93.22008514	2.333269596	25.99000168
58	52.39999771	0	96.90003204	88.60865784	2.360000134	25.99000168
55.22708511	45.09588242	0	97.45450592	79.99555206	2.402574539	25.24716187
47	0	0	19.56956673	69.05049896	2.470913172	20.04000092
47	0	0	18.80005455	68.59944916	2.32084465	20.04000092
47	0	0	18.80005455	67.47634125	2.160826206	20.04000092
52.09999847	0.400346607	0.400346607	19.28504753	66.92676544	2.003066778	20.04000092
52.09999847	6.639514923	6.639514923	68.20623779	61.92096329	1.964643598	20.04000092
46.74139404	0.655607879	0.655607879	59.18952942	57.48131561	1.987401962	20.03000069
39.0052948	2.080842495	2.080842495	69.19561768	51.03279114	2.023839951	20.03000069
49	3.506077051	3.506077051	68.61452484	36.61738586	2.123411894	16.3770237
49	4.931311607	4.931311607	68.08898926	32.76886368	2.236000061	16.57894897
49	6.356546402	6.356546402	39.30629349	30.61614609	2.337342978	16.78087616
49	7.78178072	7.78178072	40.31468201	30.79053879	2.367000103	16.98280144
49	9.207015038	9.207015038	39.5001297	31.89985466	2.390000105	17.18472862
47	0	0	37.09977341	37.46081924	2.400000095	20.02000046
47.59999847	0	0	37.87451935	43.81851196	2.389467955	20
57.09946823	1.242980957	0	77.82368469	59.17892075	2.389004707	21.63280678
58.29999924	8.10606575	0	85.56516266	83.1888504	2.383508444	25.37483978
58.29999924	50	0	85.87400055	95.02005768	2.365970612	28.1870327
58.29999924	50	0	96.33211517	105.6158981	2.331354141	28.20000076
58.29999924	50	0	96.81632996	105.6153107	2.295727015	28.20000076
58.29999924	50	0	97.3225708	101.2387161	2.271508932	28.20000076
58.29999924	50	0	98.02887726	102.7943039	2.252643824	28.20000076
58.29999924	50	0	98.71269989	100.683609	2.242432833	28.20000076
58.29999924	50	0	97.37068939	93.98889923	2.258821964	28.20000076
58	46.40113449	0	116.8205795	86.11980438	2.328883171	28.00000191
58	6.199999809	0	78.41150665	74.94664764	2.392543554	22.01000023
58	6.199999809	0	68.36118317	72.91033173	2.393514633	22.01000023
58	6.199999809	0	69.05515289	66.42730713	2.397591829	22.01000023
58	6.199999809	0	69.25639343	64.94308472	2.410000086	22.01000023
50.44471741	1.982768893	0	59.97919083	58.03477478	2.416606903	21.73838234
47.38637543	4.79631567	0	60.23371506	53.30643082	2.430678368	21.39552498
44.32803345	7.609862328	0	60.48823929	46.00003052	2.459643364	21.05266762
34.56744003	10.42340946	0	47.40000916	35.63479614	2.528542042	16.30000114
0	51	0	47.40000916	30.5020237	2.578170776	15.9100008
0	52.05380249	0	28.79896545	29.09701157	2.620000124	16.24256134
0	55.13496017	0	28.27004814	28.11660767	2.620000124	16.57225037
0	58.21612167	0	28.09991264	28.16265297	2.620000124	16.9019413
5.488111973	44.39999771	5.488111973	28.49990654	33.17183304	2.605950832	19.98000145
0	46.89999771	0	28.13080025	35.87874603	2.587683201	20.58026886
0	46.89999771	0	55.79988098	40.20011902	2.608934402	21.63423729
0	46.89999771	0	55.79988098	52.04118729	2.637365341	21.93000031
0	52.71232224	0	55.0630722	61.8997879	2.620150566	22.02000046
0	54.14143372	0	59.21115494	71.1915741	2.579511881	23.92266846
0	55.57054901	0	75.93760681	77.01216888	2.541218758	23.81479454
0	56.99966049	0	75.71302032	73.38896942	2.553143024	23.70692253
0	58.42877197	0	78.59796143	69.74688721	2.57188344	23.59905052
0	59.85788345	0	76.18307495	66.60604095	2.602060556	23.49117851
0	53.06152725	0	47.26591873	64.40432739	2.591248035	24.00000191
0	47.43834305	0	46.70001984	65.27134705	2.536133528	24.00000191
0	45.20000076	0	46.70001984	62.38593292	2.492135048	19.72000122
0	45.20000076	0	46.70001984	61.55263519	2.440183163	19.72000122
0	45.20000076	0	46.70001984	57.95750809	2.395670414	19.72000122
0	48.66186142	0.356696576	46.90378952	59.83481979	2.349189281	19.79901886
0	46.31420898	0.867885947	46.97798538	58.16457367	2.310301542	19.49665642
0	43.96656036	1.379075289	47.70581436	53.9979744	2.282453537	19.19429588
0	41.61891174	1.89026463	48.00134277	43.10007477	2.295519352	18.89193344
0	45.88780594	2.401453972	48.296875	33.26571274	2.341175556	16.34927177
0	47.2707634	2.912643433	56.11969376	28.69737434	2.422765493	16.60050583
0	48.65371704	3.423832893	56.44752121	27.90512276	2.513721704	16.85173988
0	50.0366745	3.935022116	19.98117828	27.75952721	2.542629004	17.10297394
0	51.41962814	4.446211338	20.64615631	29.69988823	2.515356779	17.35420799
0	52.8025856	4.957400799	26.98324013	34.62870026	2.484697819	20.54412651
0	54.18554306	5.46859026	55.48537064	50.47412872	2.509433746	21.11555672
0	55.5684967	5.97977972	59.06954956	69.03926849	2.491482496	21.68698502
0	55.59999847	6.490969181	118.1651077	86.91122437	2.48513937	23.41827393
54.5	55.59999847	7.002158165	117.7399063	105.5998993	2.550629616	25.06779289
54.5	55.59999847	7.513347626	116.7645187	115.9419479	2.554765224	27.98000145
54.5	55.59999847	8.024537086	117.8522873	117.8342209	2.558900833	27.98000145
54.5	55.59999847	8.535726547	117.8416977	110.2707367	2.577076197	27.98000145
54.5	55.59999847	9.046916008	118.1806641	109.5419998	2.598891735	27.98000145
54.5	55.59999847	9.558105469	117.4669189	105.1074448	2.634674788	27.98000145
54.04288101	58	0	118.0767517	96.04598236	2.689531565	28.01000023
5	58	0	114.3294983	76.09264374	2.770852089	22.28804398
5	58	0	18.76194382	76.26635742	2.836391449	21.8200016
5	58	0	18.36770058	78.92061615	2.648444653	21.8200016
5	58	0	17.95918465	79.64990234	2.453351498	21.8200016
5	58	0	17.35351563	80.4491272	2.255117655	21.8200016
5	58	0	17.71761703	67.44009399	2.075304508	21.8200016
0	52.3304863	0	18.41267776	63.90985489	1.920956612	21.74291229
0	45.65929794	0	79.49990845	48.71998978	1.958492756	20.75739098
0	49.5	0	79.49990845	35.42816162	2.103255033	16.17000008
0	41.89999771	0	47.40000916	30.99986839	2.5	15.99000072
1.509582281	51.47259903	0	47.74967957	32.33267212	2.55222249	17.69165993
3.295483112	54.45512772	0	48.33031845	41.44898987	2.580854416	20.82742882
5.081383705	57.1884613	0	65.51105499	62.36943436	2.5870924	21.44581413
6.867284775	59.92179489	0	70.58183289	76.40414429	2.57343173	22.06419945
8.653185844	60	0	80.78560638	92.45737457	2.617717743	23.57175827
58.88004303	60	0	19.20442009	104.9999084	2.39523077	26.22732735
59	60	0	115.5215759	110.9336853	2.116472006	27.70000076
59	60	0	117.9940567	102.7072144	2.160979509	27.70000076
59	60	0	119.2000809	99.30168915	2.220000029	27.70000076
55.70000076	58	0	118.6920319	98.67778015	2.279462337	28.01000023
56.5	58	0	117.8001022	104.3149185	2.320593119	28.00000191
55.39999771	58	0	118.8432465	93.34623718	2.389729261	28.00000191
55.39999771	58	0	119.6347733	89.7868042	2.476500034	28.00000191
53.53623962	57.49916077	0	117.2880707	84.91538239	2.578441381	27.99000168
52.00876617	55.84954834	0	18.44501305	84.2259903	2.50531435	27.99000168
50.48128891	54.19993973	0	17.90870857	83.08800507	2.295176744	27.99000168
48.95381165	52.5503273	0	17.08241081	85.00139618	2.081091166	27.99000168
47.4263382	50.90071869	0	119.5446014	76.17073059	1.985890985	27.99000168
45.89886093	49.25110626	0	115.1505127	68.54633331	2.137200117	27.99000168
6.199999809	39.15483856	0	95.46988678	49.69997406	2.341419458	20.81066322
6.199999809	49.79999924	0	54.04127502	35.08266068	2.43817544	18.12000084
6.199999809	49.79999924	0	52.70985794	31.4943676	2.509510517	18.12000084
6.199999809	49.79999924	0	28.69990349	29.33149338	2.550000191	18.12000084
6.199999809	44.22502136	0	28.29990959	29.32679367	2.549787998	18.02535057
6.199999809	53.5361824	0	28.29990959	32.03585052	2.541007519	19.07435799
6.199999809	53.79999924	0	37.75395584	38.11832809	2.528464556	22.01000023
6.199999809	53.79999924	0	56.98471832	62.67777634	2.520000219	22.01000023
6.199999809	53.39999771	0	77.19416809	78.58563995	2.531591415	21.96000099
52.57058716	53.39999771	0	76.61207581	97.06402588	2.492768049	26.34000015
41.9823494	53.39999771	0	95.50005341	98.50000763	2.428034306	26.34000015
58.39999771	53.39999771	0	108.699852	105.9346008	2.439632654	28.19000053
56.09999847	58	0	108.0998611	102.4999466	2.460000038	28.02000046
55.7741394	57.76775742	0	108.0251236	98.55097198	2.508070946	28.02000046
55.04945755	57.02259827	0	110.9572754	99.94555664	2.544389725	28.02000046
54.32477188	56.27743912	0	109.0255203	95.38671875	2.598482132	28.02000046
53.60009003	55.53227997	0	109.3252945	89.54257965	2.666138887	28.02000046
52.87540436	54.787117	0	116.1241302	87.22685242	2.745349407	28.02000046
52.15071869	54.04195786	0	18.56853867	85.7598114	2.786809683	28.02000046
51.42603683	53.29679871	0	18.1091423	85.84709167	2.579586029	28.02000046
50.70135117	52.55163574	0	17.91118622	80.1855011	2.369597912	28.02000046
49.97666931	51.80647659	0	18.25076485	86.04450989	2.162374973	28.02000046
49.25198364	51.06131744	0	18.59034157	73.17520142	1.972097635	28.02000046
48.52730179	50.31615829	0	94.57723236	66.46485901	2.016105175	28.02000046
47.80261612	49.57099533	0	96.22411346	56.03199768	2.134072781	28.02000046
7.900000095	48.20000076	0	96.72071838	35.27032852	2.322333574	18.12000084
0	44.29999924	0	46.01634979	30.29987907	2.48384738	18.03000069
0	45.49575043	0	39.75799179	29.95621109	2.518445492	18.08035278
0	48.99777603	0	40.18465424	30.08262825	2.550456285	18.29752159
0	52.49980164	0	38.06144714	29.7998867	2.579904318	18.51469231
0	52.59999847	0	38.80041122	40.65761185	2.572002411	22.578825
0	52.59999847	0	69.69825745	65.15904999	2.578166723	23.15200996
0	52.59999847	0	65.51212311	82.22679138	2.554879427	23.72519493
53	52.59999847	0	98.59637451	100.3256073	2.528660774	26.78868675
53	52.59999847	0	97.43513489	105.1084747	2.514570236	28.11337662
53	52.59999847	0	96.62333679	107.4620895	2.486116409	28.12000084
53	52.59999847	0	97.40002441	103.5809326	2.449684858	28.12000084
55.89999771	58	0	97.40002441	101.2483368	2.434364319	28.01000023
56	58	0	97.25718689	99.81967163	2.420000076	27.97000122
55.09999847	58	0	97.50943756	94.85102844	2.420000076	28.05000114
55.09999847	58	0	98.83856201	93.41067505	2.436035633	27.98000145
55.09999847	58	0	99.24132538	87.9964447	2.464132786	27.98000145
55.09999847	58	0	100.678154	86.67379761	2.496566296	27.98000145
55.09999847	58	0	19.0000515	82.74519348	2.332588434	27.98000145
54.39999771	58	0	19.0000515	78.41415405	2.132315874	28.00000191
52.02914047	56.19641495	0	18.63497353	81.16372681	1.933277845	27.78702164
47.63188171	52.85128403	0	19.07067108	72.06002045	1.747756243	27.39200401
5	49.37406158	0	95.50273132	52.67192841	1.64864552	21.62080193
5	41.32080078	0	97.40190125	46.87335205	1.799600124	20.36692238
5	51	0	96.91898346	33.59482574	2.00219512	18.38199425
5	51	0	96.4021225	31.0865345	2.212530136	18.66944122
5	51	0	97.28708649	29.82510376	2.431333303	18.95688629
5	51	0	95.32805634	29.71200371	2.650411844	19.24433136
5	51	0	19.10004997	30.1998806	2.843841314	19.53177643
5	51	0	19.10004997	38.82729721	2.7900002	22.40000153
0	50.09999847	0	18.70005608	59.46219635	2.690654516	21.99000168
0	54	0	18.8870945	77.06053162	2.527263403	23.33922768
9.090790749	60	0	98.94777679	92.10855103	2.424555302	24.03809547
52.59999847	60	0	139.1516876	108.3104477	2.429053068	27.9800396
56.2655983	57.52391052	0	117.709465	111.468338	2.459141493	27.99000168
54.60834885	56.76115417	0	117.1739731	107.7118683	2.478323936	27.99000168
52.9510994	55.99839401	0	116.658699	105.507103	2.517547607	27.99000168
51.29384613	55.23563385	0	117.9748688	104.1877441	2.549604416	27.99000168
49.63659668	54.4728775	0	116.4291458	104.08992	2.593396664	27.99000168
47.97934723	53.71011734	0	117.4010849	97.81137085	2.651504755	27.99000168
46.32209778	52.94736099	0	116.927742	90.4256897	2.723118782	27.99000168
5	52.18460083	0	18.48406982	77.48493958	2.791320086	22.31000137
5	51.42184448	0	18.11154175	75.43034363	2.605400085	22.31000137
5	50.65908432	0	17.88853264	70.12349701	2.4285779	22.31000137
5	49.89632416	0	18.47073364	69.57371521	2.262000084	22.31000137
5	49.13356781	0	59.72348022	65.05712891	2.170387506	22.31000137
5	48.37080765	0	59.6282196	61.08380127	2.17561245	22.31000137
5	47.6080513	0	59.33950806	49.71868515	2.187999964	22.31000137
5	46.59999847	0	58.98714066	37.55176544	2.256349564	16.27347946
5	46.59999847	0	99.45756531	34.17573929	2.415705919	16.54575729
5	46.59999847	0	99.87404633	30.56320763	2.633677483	16.81803322
5	46.59999847	0	35.17980194	31.78565407	2.846974611	17.09031105
5	46.59999847	0	18.70005608	32.64293671	2.80356431	17.36258888
3.351913929	49.79272079	0	18.93546295	36.92514038	2.74780798	20.22793007
7.582941532	53.44412613	0	19.2326107	45.59613419	2.677482367	20.49039268
11.81396866	57.09553146	0	19.52975845	65.4001236	2.562979698	20.7528553
16.04499626	57.20000076	0	55.2274704	88.30904388	2.385848522	24.51910591
54	57.20000076	0	58.16449738	103.8230057	2.257574558	26.09000015
54	57.20000076	0	97.95178223	108.5915756	2.138849497	28.23000145
54	57.20000076	0	97.35702515	107.1820984	2.105374098	28.23000145
54	57.20000076	0	116.9277802	101.7358398	2.112510204	28.23000145
54	57.20000076	0	116.950943	102.2013321	2.16172123	28.23000145
54	57.20000076	0	116.2485199	95.86178589	2.216973066	28.23000145
55.5	58	0	116.558403	94.06521606	2.284020662	28.01000023
55.5	58	0	117.4789505	87.22219086	2.372351408	28.01000023
55.5	58	0	116.0001297	85.18709564	2.468186617	28.01000023
51.00522232	55.41605377	0	47.25458145	78.99891663	2.522289038	27.63249207
46.86362839	52.06631851	0	47.55821609	74.45331573	2.425075054	27.18199348
0	49.29999924	0	47.86184692	58.73756409	2.355694771	21.68000031
0	49.29999924	0	48	56.30807877	2.330000162	21.68000031
0	51.79999924	0	47.60639191	52.67559433	2.310343266	22.01000023
0	51.79999924	0	46.30002594	48	2.310000181	22.01000023
0	45.29999924	0	47.09228516	38.1662178	2.342104435	16.45520973
0	45.29999924	0	49.1597023	31.13361549	2.386127472	16.632761
0	45.29999924	0	99.40266418	29.15466118	2.597937584	16.81031227
0	45.29999924	0	98.65493774	27.86401749	2.827312708	16.98786163
0	45.29999924	0	19.10004997	28.66151047	2.821352959	17.1654129
0	45.29999924	0	19.10004997	33.42177963	2.776390076	20.05000114
0	45.29999924	0	19.10004997	40.13858032	2.722245693	20.05000114
1.128188491	51.96592712	0	38.31600952	52.21993637	2.654254436	21.99000168
3.624487638	56.09460068	0	51.29989624	70.54004669	2.61720705	24.64872742
6.120786667	58.29999924	0	96.2774353	83.84983826	2.542015314	25.03805351
8.617085457	58.29999924	0	92.05458069	90.37013245	2.566879511	24.48154831
50.81409454	58	0	91.76725769	84.18825531	2.58141923	25.97178268
47.4407959	58	0	92.00010681	81.05099487	2.608195066	25.78383255
44.06749725	58	0	79.85840607	75.69297028	2.636414289	25.59588051
6.699999809	58	0	75.29997253	72.59334564	2.640000105	26.03000069
0	57.39999771	0	74.89997864	73.06400299	2.659219503	26.05000114
0	53.09999847	0	79.03665924	71.87044525	2.675261974	22.03000069
0	54.29999924	0	18.70005608	68.69426727	2.536273003	22.05000114
0	53.39999771	0	18.99908829	63.40093231	2.378520012	21.99000168
0	53.39999771	0	19.43281555	65.98455811	2.231829882	21.99000168
0	53.39999771	0	68.80381775	63.0720787	2.17760396	21.99000168
3.753000021	48.98493195	0.604145765	64.44662476	57.1462059	2.197131634	22
11.22992325	42.18126297	1.807756662	68.98767853	44.30164337	2.257239342	22
18.70684624	37.33639145	3.011367321	69.40842438	35.5997963	2.368369341	16.9532032
46	2	4.214978218	69.96773529	31.99227142	2.484135628	18.64801788
46	2	5.418589115	66.66923523	29.66385078	2.5989182	19.14109993
46	2	6.622200012	67.04703522	30.36831284	2.718129158	19.63418198
46	2	7.825810909	66.43479919	31.85782051	2.83856678	20.12726402
46	2	9.029421806	33.44896317	40.46076202	2.885864973	22
51.59999847	2	0	33.49982834	61.06611633	2.832860708	22.01000023
51.59999847	2	0	33.49982834	68.77606964	2.731606007	22.01000023
60	51.20000076	0	33.74370956	91.76010895	2.566513062	26.02094841
60	51.20000076	0	41.53343201	96.0452652	2.375828743	26.57814407
58	56.09999847	0	97.82376862	100.924469	2.332937717	27.98000145
58	56.09999847	0	96.80818176	98.68552399	2.318698645	27.98000145
58	56.09999847	0	97.06002808	96.37004089	2.313729763	27.98000145
58	56.09999847	0	97.16537476	98.07065582	2.314765453	27.98000145
58	48.83439255	0	97.55473328	87.65978241	2.335393667	27.99000168
58	51.46927643	0	97.97525024	84.18650055	2.371803045	27.99000168
58	46.26076508	0	97.94530487	80.83131409	2.422085285	27.99000168
58	6.199999809	0	18.98882675	73.06286621	2.438130379	22.36000061
58	6.199999809	0	18.53285789	76.35404968	2.256684303	22.36000061
58	6.199999809	0	18.80792427	75.27542877	2.068486691	22.36000061
58	6.199999809	0	19.08299255	73.78035736	1.886256576	22.36000061
58	6.199999809	0	77.34449005	65.93185425	1.807681441	22.36000061
58	6.199999809	0	78.09992981	58.72240067	1.859282136	22.36000061
41.93424988	0	0	75.5510788	50.39996338	1.938213348	21.33516884
51	0	0	75.49996948	38.13060379	2.06315279	18.29000092
51	0	0	75.49996948	32.9217186	2.193843126	18.29000092
44.5	0	0	75.39997101	31.69985771	2.333183765	17.97000122
48.20105743	0	0	75.66703796	32.41693497	2.475018978	18.24848175
52.4787941	0	0	76.06954956	32.80160522	2.616653204	18.54288673
52.59999847	0	0	40.62011337	43.09474182	2.729140282	22.31000137
52	3.43386054	0	36.94979858	66.4601059	2.678512812	21.54697037
52	17.59411049	0	90.47676086	69.58863068	2.659113407	19.21351624
52	53.70000076	0	87.81163788	97.40959167	2.632764339	26.8922348
52	53.70000076	0	108.5542526	103.0567398	2.602842331	27.58143044
52	53.70000076	0	109.4663086	102.7078629	2.616811752	27.60000038
52	53.70000076	0	109.5812531	104.9347229	2.634420633	27.60000038
52	53.70000076	0	108.8998489	102.1870804	2.658360481	27.60000038
58	55.70000076	0	111.927803	98.59672546	2.686233759	28.04000092
57.6721611	54.18143845	0	108.7844391	93.57040405	2.715903282	27.99000168
56.7110672	50.3159523	0	109.0488434	88.98374939	2.775009632	27.99000168
55.7499733	46.45046234	0	106.1463165	86.09088135	2.846367836	27.99000168
54.78887939	6.71752739	0	19.10820007	76.35516357	2.811058998	22.12000084
53.82778549	8.5004282	0	18.21027184	77.13994598	2.624530554	22.12000084
52.86669159	10.28332901	0	17.8454895	77.04642487	2.434285879	22.12000084
51.90559769	12.06622887	0	17.04932785	77.63832855	2.239516258	22.12000084
50.94450378	13.84912968	0	86.84944916	67.25701904	2.20639205	19.63665581
49.98340988	15.63203049	0	88.6102066	59.07316589	2.28841567	18.96170235
38.49787521	17.41493034	0	86.52750397	50.39196396	2.398385048	18.28675079
43.61577225	19.19783211	0	87.19979095	34.74824142	2.565972328	16.34999275
45.37388611	20.98073196	0	36.83019257	31.42867279	2.67368865	16.52383614
47.13200378	22.76363182	0	37.35830307	31.82445526	2.691665888	16.69767952
48.89011765	24.54653358	0	37.44131088	30.36273003	2.712468147	16.8715229
50.64823532	26.32943344	0	37.1493721	30.29987907	2.728238106	17.04536438
53.70872116	28.1123333	0	36.85743713	41.09843826	2.721982718	20.30481911
56.80872345	29.89523506	0	36.30382156	61.10118484	2.678263903	20.64783669
59.90872192	31.67813492	0	97.4280777	70.12004852	2.651061296	20.99085236
60	52.39999771	0	98.9761734	92.57809448	2.680266619	26.10000038
60	52.39999771	0	96.86139679	94.96302795	2.685446978	26.10000038
58	55.5	0	96.90660858	98.35751343	2.679949045	27.97000122
58	55.5	0	96.90003204	99.99998474	2.670000076	27.97000122
56.30498505	53.81169128	0	97.48696136	97.36734009	2.673340559	27.99000168
54.53061295	51.62561798	0	98.33543396	96.304039	2.676837444	27.99000168
52.75624466	49.43954849	0	98.64000702	96.26773071	2.679351091	27.99000168
50.98187256	47.25347519	0	85.87571716	86.04676819	2.672558546	27.99000168
49.20750427	45.0674057	0	73.27907562	82.68785858	2.657723188	24.96030807
49	0	0	19.30339622	73.14600372	2.621728897	19.98000145
49	0	0	18.20632744	73.19300842	2.446799994	19.98000145
49	0	0	17.68391037	73.31890869	2.267853737	19.98000145
49	0	0	17.14710617	71.6812439	2.090047836	19.98000145
49	0	0	57.43949127	67.51759338	1.984066129	19.98000145
48.39826584	0	0	67.02009583	61.49712753	1.975855231	19.95000076
38.63826752	0	0	77.49918365	48.09999847	2.048353195	19.95000076
49.43680954	0	0	77.26351166	35.75162125	2.184274673	16.29871368
50.88289642	0	0	77.02783203	32.61038589	2.324541807	16.58214569
52.32898331	0	0	77.19225311	30.25882721	2.474425554	16.8655777
53.77507401	0	0	47.98590851	30.61150742	2.54908967	17.1490097
55.22116089	0	0	47.33024979	31.64385796	2.6047616	17.43244171
56.66725159	0	0	48.55333328	41.46009827	2.635233641	20.24000168
58.11333847	0	0	55.78847122	61.04646683	2.630195856	20.24000168
59.55942917	0	0	57.24625015	77.29994202	2.592400074	20.24000168
58	52.29999924	0	97.69443512	99.54922485	2.538361073	26.00000191
58	52.29999924	0	97.14039612	101.9466248	2.512609482	26.00000191
58	52.29999924	0	97.7540741	105.8445129	2.487833261	25.97000122
58	52.29999924	0	96.6933136	99.85998535	2.469652653	25.97000122
58	52.29999924	0	97.93872833	100.6142044	2.462252855	25.97000122
58	52.29999924	0	96.5836792	98.4200058	2.460000038	25.97000122
57.56365585	52.10480881	0	97.36513519	98.2644577	2.462354422	25.93220139
52.31000519	47.34663773	0	99.45453644	87.50047302	2.484128952	25.2362709
47.5	0	0	97.20002747	67.97184753	2.543216467	19.88000107
51.70000076	0	0	42.72008133	72.32561493	2.614443541	20.01000023
51.70000076	0	0	18.10006523	73.83630371	2.465549946	20.01000023
51.70000076	0	0	18.10006523	69.69338989	2.291409254	20.01000023
49.29942322	0	0	101.2999649	56.0132103	2.105276823	19.86162567
41.48894882	0	0	56.64661407	46.77751923	2.359722137	18.51162529
49.09999847	0	0	57.25407028	34.59045029	2.429670095	16.26000023
49.09999847	0	0	56.96064758	31.7545929	2.506044865	16.26000023
49.09999847	0	0	56.09544754	32.00528717	2.589279175	16.26000023
49.09999847	0	0	38.80014038	30.2890377	2.635904789	16.26000023
51.53035355	1.34978497	0	39.77620697	30.49987602	2.662517548	17.42464256
51.55001068	3.454257011	0	38.94652557	38.18383408	2.665230989	20.53242493
51.08637238	5.558729172	0	37.13701248	53.17204285	2.641880035	20.87690735
50.62273407	7.663200855	0	37.73573303	62.19978333	2.5712502	21.22138977
50.15909576	9.767672539	0	107.8582001	76.09996033	2.632887363	24.3070755
49.69545746	11.8721447	0	108.0473785	85.349823	2.71904254	24.71885681
49.23181534	13.97661686	0	108.7998505	88.59976959	2.785203457	23.56289291
48.76817703	52.19655609	0	18.63182259	91.07659149	2.73939395	26.05469322
48.30453873	50.43437958	0	19.0329628	90.35974884	2.510999918	25.7839756
47.84090042	48.67219925	0	109.3830414	91.97677612	2.438347101	25.58773041
47.37726212	46.91001892	0	109.7965317	92.38010406	2.495447159	25.39148521
46.91362	45.14783859	0	108.665329	85.44527435	2.5689013	25.19524002
46.44998169	43.38566208	0	106.6046448	82.32367706	2.647111177	24.99899673
45.98634338	1.393672585	0	41.70009613	71.95627594	2.744915247	19.80930901
45.52270508	2.996618748	0	18.25315094	70.51718903	2.593571663	19.65630341
45.05906296	4.599565029	0	17.79124832	70.79401398	2.41833353	19.50329781
44.59542465	6.202510834	0	18.14653969	66.35800171	2.253043413	19.35029221
44.13178635	7.805457115	0	38.6791153	63.77759552	2.135795593	19.19728661
43.66814804	9.408403397	0	39.82458115	60.23314667	2.066666842	19.04428101
43.20450974	11.01134968	0	48.80759811	50.89995575	2.049215794	18.89127541
49.20000076	12.61429501	0	49.4925766	39.89280701	2.081095457	16.10000038
49.20000076	14.21724129	0	48.79998779	33.14321518	2.125895739	16.10000038
42.29999924	15.82018757	0	48.99998474	31.40862083	2.180082083	16.01000023
44.05770874	17.42313385	0	49.8351059	29.55812645	2.241874933	16.02000046
50.03399277	19.02607918	0	51.78102493	30.04962921	2.303567171	16.02000046
53.24629593	20.62902641	0	66.59739685	37.15138626	2.390789509	20.50231743
56.37962723	22.23197174	0	66.37101746	45.85451126	2.473486185	20.88913918
59.51296234	23.83491898	0	48.65337753	63.03754807	2.465779781	23.57421303
59.59999847	25.4378643	0	77.26141357	81.51098633	2.431261539	25.38351631
59.59999847	52.29999924	0	97.50002289	96.33337402	2.404214621	28.05913162
59.59999847	52.29999924	0	97.77521515	105.2782822	2.385933399	28.10000038
59.59999847	52.29999924	0	98.30001068	97.94168091	2.380000114	28.10000038
58	55.5	0	97.40002441	97.00003052	2.390000105	27.98000145
58	53.13116074	0	95.20005798	88.95922089	2.404981852	27.79796219
58	50.4467392	0	95.69023132	90.05764008	2.423485518	27.58683205
58	47.76231766	0	95.12553406	86.02887726	2.450000048	27.3757019
58	45.07789612	0	96.51786041	78.79082489	2.492521048	27.16457176
58	0	0	98.10134888	73.10741425	2.575333595	22.04000092
58	0	0	99.15555573	70.49782562	2.659250021	22.04000092
58	0	0	97.26242828	65.70011902	2.763182163	22.04000092
58	0	0	69.20006561	65.27155304	2.798750162	22.04000092
50.25460434	3.158629417	0	69.08363342	58.49294281	2.823723555	22.01000023
46.54789352	7.946446419	0	68.60399628	53.89990997	2.867987156	22.01000023
42.84118652	12.73426342	0	18.80005455	47.32501221	2.8302598	22.01000023
0	54.5	0	18.80005455	37.55678558	2.774180651	16.07999992
0	50.5	0	18.6000576	32.8897171	2.723948956	16.05000114
0	50.5	0	18.6000576	29.69988823	2.690000057	16.05000114
0	53.81129456	0	18.40006065	28.74324989	2.651242256	16.39234734
0	58.37327957	0	18.40006065	29.65146828	2.621180534	16.81944084
0	47.83677673	0	18.93192291	34.3766861	2.573186874	20.20987701
0	51.520298	0	19.35921478	40.66011047	2.516980171	20.79273415
0	55.20381927	0	88.7991333	51.42763901	2.511399984	21.37559128
0	5.200089931	0	19.00403595	9.615359306	2.683384657	1.118192911
0	15.07367897	0	19.46675301	7.239840031	2.699645042	1.82217133
54	60	0	19.92947197	199.5900269	2.669200182	20.18305397
54	60	0	96.98888397	114.8197556	2.423680782	25.59000015
54	60	0	96.28044128	93.51795959	2.417264223	25.59000015
54	60	0	96.90003204	89.34100342	2.430000067	25.59000015
50.4046402	58	0	46.97813416	80.95219421	2.43200016	26.20736694
49.19726181	58	0	47.8758812	73.25569153	2.336298943	26.43593788
47.98988342	58	0	47.93106842	68.84007263	2.263346195	26.33480835
46.78250504	58	0	48.88226318	71.46781158	2.193782568	26.10443497
45.57512665	58	0	50.66650009	71.95824432	2.119978666	25.87368965
44.36774826	58	0	110.040741	70.58550262	2.114171505	25.64294624
43.16036987	58	0	110.0649796	66.07157135	2.231019735	26.07790947
43.79999924	58	0	105.7472534	60.6404953	2.381265402	22.02000046
40.77905273	54.7741394	0	106.7695389	54.52028656	2.534930468	21.71470451
35.35126114	48.56724167	0	36.16959381	48.08242416	2.582454681	21.18500328
5.299999714	41.50059128	0	76.60900879	34.63140106	2.599676609	16.16186142
5.299999714	43.83439636	0	95.47322083	31.4582901	2.764057398	16.4024086
5.299999714	46.16820526	0	18.62854767	29.00723839	2.823536634	16.64295769
5.299999714	48.50201035	0	18.82304764	29.4075489	2.792354584	16.88350677
5.299999714	50.83581924	0	18.56253624	30.34110451	2.760866642	17.12405396
5.299999714	50.89999771	0	18.30202484	39.53799438	2.703433752	20.04000092
5.299999714	50.89999771	0	18.8956089	58.44244766	2.6079638	20.04000092
5.299999714	52.20000076	0	22.19600296	72.01702118	2.457047701	20.52888107
21.124897	60	0	59.8031044	89.46933746	2.345478296	23.62400055
55.09999847	60	0	55.75291824	99.21999359	2.21734786	26.85846519
55.09999847	60	0	97.31192017	108.5029297	2.132329226	28.08000183
56.59516525	57.80270386	0	98.0128479	101.5808716	2.110359907	27.98481369
55.2568779	56.51366425	0	98.08054352	97.55692291	2.115321875	27.88557816
53.91858673	55.22462082	0	97.5895462	92.36009979	2.12059617	27.78634453
52.58029556	53.93557739	0	98.64775085	92.26010132	2.136411905	27.6871109
51.24200821	52.64653778	0	148.7120209	83.39677429	2.239639997	27.58787537
49.90371704	51.35749435	0	199.9404297	80.14033508	2.594555616	27.48864174
48.56542587	50.06845093	0	19.30004692	81.48693848	2.829700232	27.3894062
0	53.29999924	0	18.70005608	72.10925293	2.663121939	21.99000168
0	52.5759964	0	17.82571602	69.90345764	2.488818169	21.77140808
0	50.38792419	0	18.38243103	71.51558685	2.319476366	21.4492054
0	48.19984818	0	47.44689178	65.59466553	2.225613356	21.12700272
0	46.01177597	0	48.572052	58.6700325	2.181075573	20.80480003
0	43.82370377	0	69.59424591	48.30545044	2.218886614	20.48259735
0	45.70000076	0	69.15418243	35.76189804	2.329110622	16.01000023
0	42.09999847	0	69.86453247	30.52189827	2.4471035	16.01000023
0	42.09999847	0	66.70010376	28.39990807	2.577237844	16.01000023
1.913737178	46.05761337	0	50.69271851	28.1036129	2.658771753	16.74453354
4.135425091	51.34861755	0	86.99979401	28.63998985	2.81642127	17.60887337
6.357112885	54.15636063	0	28.95775604	37.14677429	2.825119019	20.38236237
8.578801155	56.89096069	0	29.17203903	59.47982407	2.761743784	20.71709061
10.80048847	59.62556076	0	29.38632202	69.52545929	2.646720171	21.05181885
13.02217674	59.70000076	0	29.6006031	86.09384918	2.472150087	23.47961235
15.24386406	59.70000076	0	75.79975891	93.13193512	2.332837343	23.10624123
50.5	59.70000076	0	87.59978485	102.5843887	2.279514551	26.22000122
52.21884537	58	0	129.3081665	99.87453461	2.266506195	26.09764862
50.63885117	58	0	128.5807648	97.3917923	2.366583347	26.32414627
49.05885696	58	0	129.1662598	98.71643066	2.457119942	26.55064583
47.47885895	58	0	98.5836792	91.92481232	2.558556795	26.77714348
45.89886475	58	0	99.19885254	92.77748871	2.577519655	28.21000099
44.31887054	58	0	98.05638123	89.81347656	2.6048491	28.21000099
5.799999714	58	0	37.85976028	79.82673645	2.652763844	22.06000137
5.799999714	58	0	18.28591156	82.73986053	2.471885681	22.06000137
5.799999714	58	0	18.00006676	77.01994324	2.27259469	22.06000137
0	55.44123459	0	18.51099586	77.98826599	2.083052874	21.86560822
0	51.77203369	0	96.12160492	65.47338104	2.063162327	21.41158295
0	48.10283279	0	96.83959198	61.75312424	2.167233467	20.95755768
0	44.4336319	0	96.60003662	48.53554916	2.308595896	20.5035305
0.597894728	44.82019043	0.597894728	96.49678802	31.71434021	2.514971495	16.33748817
1.319699287	46.77615356	1.319699287	97.18982697	28.59145546	2.731030226	16.7207737
2.041503668	48.73211288	2.041503668	18.83193779	28.38496208	2.812971115	17.10406113
2.763308287	50.68807602	2.763308287	18.58457947	28.37607956	2.783784151	17.48734665
3.485112667	52.64403915	3.485112667	18.89761734	30.32107353	2.753015757	17.87063217
4.206917286	52.70000076	4.206917286	19.21065712	41.85129547	2.696059942	20.59433556
4.928721905	52.70000076	4.928721905	66.13556671	62.57577896	2.677088022	21.08615685
5.650526524	52.70000076	5.650526524	65.64326477	73.28000641	2.667176485	21.57797813
6.372330666	52.70000076	6.372330666	88.04356384	89.76217651	2.632768393	25.0025425
7.094135284	52.70000076	7.094135284	75.33388519	80.27132416	2.63560009	25.25177765
7.815939903	52.70000076	7.815939903	76.34333801	83.16159058	2.601512909	25.80000114
8.537744522	52.70000076	8.537744522	76.42144012	83.79196167	2.579626799	25.80000114
9.259549141	52.70000076	9.259549141	79.14728546	84.19559479	2.560732841	25.80000114
9.98135376	52.70000076	9.98135376	75.39997101	77.69993591	2.550000191	25.80000114
0	59	0	75.19997406	77.5899353	2.5400002	25.88000107
0	59	0	75.19997406	74.09999084	2.5400002	25.88000107
0	57.47801208	0	76.36048126	73.00154877	2.544385433	25.82767296
0	55.08428955	0	73.61000061	74.41924286	2.541960716	25.35377693
0	52.6905632	0	28.19991112	77.2987442	2.412042618	24.879879
0	50.29683685	0	28.19991112	74.6569519	2.254695654	24.40598297
0.40007019	51.31242752	0	25.58846283	65.79953766	2.128206968	19.70245743
1.013727069	48.41713333	0	69.63814545	61.1697998	2.110306978	19.35919571
1.627383947	45.52183533	0	69.54407501	57.34524155	2.138703346	19.01593208
2.241040707	42.62653732	0	70.1905365	46.5585289	2.198050022	18.67267036
2.854697704	42.94699478	0	69.71141052	35.46084976	2.30850029	16.07792091
3.468354464	44.8016777	0	63.40245056	31.64343262	2.41590786	16.18532181
4.082011223	47.50863647	0	33.54454803	29.09636879	2.477914333	16.2927227
4.695668221	50.21559525	0	33.2537117	28.46893883	2.495129347	16.4001236
5.309325218	52.9225502	0	32.96287155	29.96750069	2.507505894	16.50752449
5.922982216	53	0	58.5622139	38.93104935	2.526796579	20.42307091
6.536638737	53	0	60.50279999	57.15400696	2.546766281	20.95997429
7.150295734	53	0	62.16602325	67.16816711	2.540411472	21.49687576
7.763952732	54.73511887	0	89.09976196	81.85951233	2.554795265	23.95000076
8.377609253	48.44889069	0	95.45855713	89.49121094	2.578741312	23.95000076
51	58.59999847	0	95.10005951	96.05758667	2.570000172	26.27000046
52	58	0	96.90003204	96.80003357	2.570000172	26.00000191
51.89999771	58	0	47.7454567	93.84875488	2.582967997	26.01000023
51.20036316	57.65030289	0	92.28470612	93.04175568	2.497424364	25.95217514
48.2661171	55.59661102	0	91.15076447	91.81903076	2.503275156	25.73002815
45.33187103	53.54291916	0	93.94007874	84.27288055	2.508475304	25.50788307
42.39762115	51.48922729	0	39.07853699	83.41954803	2.386549234	25.28573608
7.5	49.5	0	18.30006218	63.0297699	2.245372534	19.85000038
0	52	0	17.70007133	69.58226013	2.082883835	19.98000145
0	52	0	17.70007133	68.74979401	1.915219545	19.98000145
0	52	0	17.70007133	67.62846375	1.754977942	19.98000145
0	52	0	17.70007133	62.59700775	1.599061251	19.98000145
0	43.03544617	0	17.78811455	55.59438324	1.465066671	19.08086014
0	30.0496521	0	18.27582932	40.57976151	1.378041148	15.88000107
0	49	0	18.40006065	34.09981918	1.507200122	16.02000046
0	43.29999924	0	17.6865139	32.62796021	1.745379448	16
0	43.29999924	0	17.2424984	30.49987602	1.999862075	16
0	43.29999924	0	16.00009727	28.87469101	2.262923002	16.03000069
0	50.65713501	0	14.84205914	30.22738075	2.521643162	17.41011238
0	51.09999847	0	13.46839714	39.2388649	2.76518774	20.05000114
0	51.93649292	0	12.7847023	54.29656982	2.942979574	20.18409538
0	58.81467056	0	11.86776924	66.94010162	2.99148488	20.53207397
0	54.57826233	0	10.80747318	87.97177887	2.897093773	25.25816345
0	50.03408051	0	10.69978714	91.60011292	2.78000021	23.75155258
55.5	58	0	7.658387661	98.97714233	2.761768818	27.97000122
55.5	58	0	6.103255272	95.09506226	2.732573509	27.97000122
55.5	58	0	5.422886372	93.80931091	2.715071917	27.97000122
55.5	58	0	4.335338593	96.05095673	2.688115835	27.97000122
55.5	58	0	3.699893951	90.90065002	2.688800097	27.97000122
50.81838989	55.39479828	0	3.099903107	90.79103088	2.747961283	27.46816254
46.02366638	51.70092773	0	0.28670308	85.95181274	2.788988352	26.72825432
0	50.35263824	0	2.163629532	70.22444153	2.826138735	19.99000168
0	52.46225357	0	1.386557102	72.2600174	2.758372307	19.99000168
0	54.57187271	0	8.329235077	67.3364563	2.703448296	19.99000168
0	56.68148804	0	17.00008202	70.83957672	2.727732182	19.99000168
0	55.40140915	0	16.70008659	65.30012512	2.760000229	19.96000099
0	48.28614426	0	17.47219086	60.086483	2.830414295	19.63829803
0	40.38776016	0	19.69490433	50.19996643	2.807678699	19.27304459
0	48.5	0	37.9661026	38.37312698	2.794548273	16.13000107
0	48.5	0	27.86766243	31.96109962	2.78696537	16.13000107
0	48.5	0	23.89997673	30.99986839	2.771740675	16.13000107
1.774618149	45.06680679	0	25.02847862	29.32570076	2.753191471	16.63692474
4.546256065	50.63751984	0	32.47915649	29.05209351	2.754473686	17.66292572
7.317893982	53.71115112	0	42.90882111	34.67980957	2.760108232	20.31126976
10.0895319	56.70976257	0	43.00507355	42.94695282	2.764777184	20.66619873
12.86116982	59.70837402	0	43.37599182	57.17572021	2.743208885	21.0211277
15.63280773	59.79999924	0	42.6000824	78.83325195	2.641666889	25.64608574
18.40444565	59.79999924	0	42.6000824	84.65111542	2.516175508	24.85017967
44.5	59.79999924	0	42.6000824	88.67562866	2.370583534	25.70000076
52	58	0	97.65544128	92.95281982	2.274779081	25.99000168
52	58	0	99.28030396	90.26013184	2.29644084	25.99000168
52	58	0	99.34719849	88.90390015	2.323829412	25.99000168
52	58	0	97.56355286	87.51709747	2.360000134	25.99000168
49.07184982	54.93366241	0	87.80932617	79.89406586	2.393671751	25.86863899
43.27090073	48.16553116	0	76.45908356	73.49884796	2.417881966	25.49040222
6.699999809	47.5	0	76.01316071	67.09954071	2.452235937	19.63000107
6.699999809	47.5	0	75.11676788	66.84194183	2.483838797	19.63000107
6.699999809	47.5	0	73.12162018	63.60805511	2.510843754	19.63000107
0	49.91362381	0	58.02075958	60.29447937	2.5126791	19.81704903
0	47.15238571	0	57.80613708	54.68229675	2.520487547	19.33289146
0	44.39114761	0	57.19557953	51.09286499	2.543130398	18.84873199
0	41.62991333	0	48.88005829	45.60003662	2.559910297	18.36457253
0	46.63756943	0	48.24514771	36.02542114	2.603648663	15.99000072
0	43.28492737	0	37.8997612	31.83657265	2.646446705	15.99000072
0	42.51169968	0	38.07511139	29.09381104	2.671891212	16.21693611
0	46.74180984	0	38.63404465	29.08481979	2.702879667	17.08217239
0	50.97192001	0	38.18593216	28.7218647	2.736701965	17.94740868
0	52.49266052	0	29.51786232	32.86601639	2.743822336	20.5365448
0	53.92881012	0	37.68334579	35.90449905	2.749072313	20.93803024
0	55.3649559	0	28.71028137	46.50402451	2.713732243	21.33951759
0	56.80110168	0	29.03588486	57.28985977	2.618415594	25.80000114
0	58.23725128	0	46.39888	67.82051086	2.514127731	25.80000114
0	59.29999924	0	78.09667969	75.40247345	2.430000067	25.80000114
0	59.29999924	0	77.99038696	79.05264282	2.430000067	25.80000114
0	59.20000076	0	78.69103241	77.03535461	2.424310207	26.02000046
0	59.20000076	0	78.09992981	72.0400238	2.44011569	26.02000046
0	57.5	0	77.39994049	69.88439941	2.462658644	26.03000069
0.865952671	52.38890839	0	76.07450867	66.59010315	2.49470973	25.75041008
2.055357456	45.78076553	0	99.68506622	66.36594391	2.576769352	25.3526516
3.244761944	45.70000076	0	18.6000576	59.5332222	2.682584763	20
4.434166908	45.70000076	0	18.6000576	65.25006104	2.544245005	20
5.623571396	50.09999847	0	18.49247742	60.85262299	2.402269363	19.98000145
6.812975883	50.09999847	0	17.94391441	58.96742249	2.274145603	19.98000145
8.002380371	50.09999847	0	18.33730507	61.40646362	2.142269373	19.98000145
9.191785812	46.24406052	0	19.0898056	52.19717789	2.019235373	19.80741119
10.3811903	39.86906052	0	57.2995491	43.3858757	2.038588285	19.41263199
11.57059479	49	0	56.19187546	32.64206314	2.118069172	16.18000031
38.67914963	6.400000095	0	38.60014343	29.93207169	2.167128801	16.31070709
41.46187973	6.400000095	0	38.60014343	30.13120079	2.195356607	16.47908592
44.24460983	6.400000095	0	38.60014343	29.00942993	2.226045132	16.64746284
47.02733994	6.400000095	0	38.60014343	30.70303154	2.25696373	16.81583977
47.20000076	0	0	37.8997612	40.65857315	2.25999999	20.02000046
47.89999771	0	0	37.24038696	56.97319794	2.218052626	19.99000168
58.51288986	0	0	37.62940598	67.18563843	2.139106035	21.33846283
60	0	0	105.5684738	80.57161713	2.02227664	23.89899254
60	0	0	106.8755493	80.66416168	2.1036098	23.72496796
60	0	0	105.9390793	87.58331299	2.173241377	23.55094337
60	0	0	105.3652725	86.67010498	2.230052233	24.06000137
60	0	0	107.0879898	86.53980255	2.293299437	24.06000137
58.79999924	0	0	115.0009079	84.07717133	2.385323286	23.98000145
56.07059097	0	0	122.2270966	80.23456573	2.500285625	23.52366447
52.95132446	0	0	48.51980591	79.08454895	2.602812052	22.89917374
49.83205795	0	0	49.29998016	76.37595367	2.510051966	22.27468491
51.29999924	0	0	45.67343903	71.79440308	2.448430061	20.03000069
51.29999924	0	0	18.70005608	71.37325287	2.298190594	20.03000069
52.89999771	0	0	18.43090057	71.08878326	2.122883797	19.93000031
52.89999771	0	0	17.87516212	72.60075378	1.952536583	19.93000031
52.89999771	0	0	86.72292328	62.91760254	1.863051653	19.93000031
47.45487213	0	0	88.42649078	59.62582397	1.946000099	19.39348793
42.14717865	0	0	89.5113678	45.17004395	2.067574739	18.55628014
42.29999924	0	0	49.59583664	34.17865753	2.175042868	16.01000023
42.29999924	0	0	49.9673233	32.25404358	2.232825518	16.01000023
42.29999924	0	0	50.33880997	27.4829998	2.296724081	16.01000023
48.06798935	0	0	50.71029663	29.01802444	2.364621401	16.96083069
50.16333008	0	0	58.47939301	29.95834541	2.438712358	17.85709572
52.25867462	0	0	58.48568726	40.50335693	2.512488127	20.54676819
54.35401917	0	0	58.29984283	57.45985413	2.535154343	21.04239655
56.44936371	0	0	58.29984283	70.76403809	2.511340141	21.53802299
59.39999771	0	0	58.45435715	90.94252014	2.424405813	23.52254295
58	56.813797	0	58.67175674	103.1675262	2.304163456	25.27144814
58	57.20000076	0	95.96094513	106.0990601	2.15320015	27.92000198
58	57.20000076	0	105.4048767	105.7353973	2.154125929	27.92000198
58	57.20000076	0	111.8998032	106.7055206	2.158484459	27.92000198
58	57.20000076	0	110.4698257	101.8304596	2.169558764	27.92000198
58	57.20000076	0	110.8216095	96.40137482	2.19067955	27.92000198
54.56350708	51.82451248	0	106.5803223	93.64008331	2.232994318	27.76828384
49.48911667	46.2495575	0	107.2125854	84.32565308	2.287318945	27.3818264
55.09999847	0	0	29.13891602	71.8945694	2.31757164	21.96000099
55.09999847	0	0	28.25099945	77.19757843	2.173644543	21.96000099
55.09999847	0	0	27.46292305	75.53588104	2.022000074	21.96000099
54.89999771	0	0	28.4719696	72.49172974	1.873416781	21.97000122
54.89999771	0	0	99.72190857	67.18295288	1.897623301	21.97000122
50.60255432	0	0	106.9256973	60.43626404	2.018458366	22.2343502
44.66921997	0	0	77.15705109	62.40578079	2.12164712	27.07493401
46.29999924	0	0	77.70457458	36.10807419	2.261245251	16.29000092
46.29999924	0	0	76.99994659	32.01647186	2.39971447	16.29000092
46.29999924	0	0	48.69998932	29.82601166	2.470880747	16.29000092
42.98621368	0	0	49.18979645	28.44821739	2.536327362	16
50.02024078	0	0	46.20002747	29.75131607	2.602666855	16
48.21562958	0	0	46.08493805	40.9455986	2.638450146	20.24776077
51.47074127	0	0	68.85643005	56.37987137	2.6492486	20.67402649
54.72585678	0	0	68.89025879	70.37604523	2.651471853	21.1002903
54.79999924	0	0	75.09997559	90.46913147	2.614792109	23.64298439
60	8.876991272	0	79.5010376	94.70483398	2.558971167	22.64886856
58	57.5	0	119.4662323	110.9314117	2.463225126	28.01000023
58	57.5	0	119.4000778	106.1230698	2.49000001	27.99000168
58	56.39999771	0	98.50000763	101.8918762	2.520000219	27.98000145
58	55.2078743	0	99.92182922	96.11004639	2.512384653	28.00465202
58	51.6416893	0	100.7673416	93.13059235	2.537079811	27.41055298
58	48.07550812	0	68.4291687	90.09293365	2.528817654	26.81645203
58	44.50932693	0	68.08956909	87.50228882	2.466148853	26.22235298
58	0	0	29.58964348	77.62097168	2.431292295	21.94000053
58	0	0	28.89990044	77.99188995	2.27786684	21.94000053
58	0	0	28.89990044	74.04340363	2.121958494	21.94000053
54.39239883	0	0	29.60680771	75.16808319	1.978170276	21.62644196
51.66841125	0	0	87.88020325	67.54145813	1.971831799	19.72647667
48.94441986	0	0	87.54138947	60.50712204	2.052075148	19.24504471
46.22043228	0	0	87.55139923	50.53172684	2.159606695	18.76361084
49.5	0	0	87.88776398	35.29624939	2.330381155	16.21000099
49.5	0	0	87.3997879	31.79985619	2.507437229	16.21000099
44.31063461	0	0	87.30704498	30.37221146	2.691518307	16.52664566
48.05230713	0	0	19.0000515	29.35292625	2.832208872	17.23980522
51.79398346	0	0	19.0000515	32.10779953	2.800000191	17.95296478
48	2.097377777	0	18.6000576	40.94623947	2.737009764	20.12000084
50.7544136	4.283411503	0	18.63670349	61.14599991	2.632081747	20.0795002
59.18684387	6.469445229	0	19.31674004	77.06111908	2.472460747	21.18362427
59.39999771	8.655478477	0	88.39977264	89.65731812	2.405465364	23.49757576
59.39999771	10.84151268	0	88.39977264	90.837883	2.400000095	23.17721748
56.88376617	51.54706573	0	88.32183075	94.84616089	2.375612259	25.8478508
55.44036102	50.05620193	0	88.62921143	96.45603943	2.348992109	25.68989944
53.99695206	48.56533432	0	88.03540802	91.62010956	2.344000101	25.53194618
52.55354691	47.07447052	0	88.55104065	89.60792542	2.331904888	25.37399483
51.11014175	45.58360672	0	88.08634949	86.76416016	2.340655565	25.21604156
49.66673279	44.09273911	0	88.87771606	82.55473328	2.353724957	25.0580883
48.22332764	42.60187531	0	87.6563797	81.30487823	2.376000166	24.90013695
48	0	0	40.56261444	72.96134186	2.413239002	19.79000092
52.89999771	0	0	18.90005302	74.97187805	2.25343585	19.99000168
51.92204285	0	0	19.1231823	73.06793976	2.074350119	20.01000023
49.82032394	0	0	19.59486008	69.92447662	1.90804553	20.01000023
47.71860886	0	0	87.37239075	66.20864105	1.853623867	20.01000023
45.61689377	0	0	88.09977722	58.07646179	1.936480045	20.01000023
43.51517868	0	0	88.09977722	47.29429626	2.053908348	20.01000023
46.79999924	0	0	121.1197357	36.40008926	2.235777855	16.36000061
46.79999924	0	0	114.5282669	32.40296936	2.497999907	16.36000061
46.79999924	0	0	114.9425812	30.18504143	2.774640322	16.36000061
46.79999924	0	0	18.6000576	29.7998867	2.840000153	16.36000061
49.36568832	3.210645914	0	18.80005455	32.35886383	2.801075459	17.11193848
49.59999847	6.768147945	0	18.80005455	39.13596725	2.74493742	20.26000023
49.59999847	10.32565022	0	18.80005455	58.98322678	2.650000095	20.26000023
59.61924362	13.88315296	0	19.65634727	65.70011902	2.505404234	20.73318863
59.89999771	17.44065475	0	77.8704834	84.35843658	2.445572138	25.0810833
59.89999771	53.20000076	0	77.85577393	88.9899292	2.415420294	26.27000046
59.89999771	53.20000076	0	78.17240143	91.66011047	2.376616955	26.27000046
59.89999771	53.20000076	0	77.67359161	94.1818924	2.323284149	26.27000046
59.89999771	53.20000076	0	77.23855591	95.00767517	2.273036718	26.27000046
57.97619629	52.57320786	0	77.10645294	93.49157715	2.219528675	25.98685455
54.91579437	49.1288681	0	77.63837433	91.45659637	2.168535709	25.58224869
51.85539246	45.68452454	0	95.31426239	86.36513519	2.146023512	25.17764091
48.79499054	42.24018478	0	95.57408142	81.33321381	2.17891407	24.77303505
48.5	5.199999809	0	28.99989891	72.79947662	2.211516142	19.94000053
52.89999771	0	0	29.19989586	72.22436523	2.074226618	19.98000145
52.70000076	0.828181326	0.828181326	29.09989738	71.86660004	1.936477304	19.97000122
53.20000076	5.464966297	5.464966297	28.46226311	67.13275146	1.801937819	20.03000069
51.29573059	0.018839104	0.018839104	68.02418518	62.59563828	1.780614257	20.01208878
46.22322845	0.935336053	0.935336053	67.78508759	59.35287476	1.807541609	19.62716675
41.1507225	1.851832986	1.851832986	119.3458481	49.4199791	1.88432014	19.24224663
43.20000076	2.768329859	2.768329859	118.4537277	39.26055145	2.153165579	16.01000023
43.20000076	3.684826851	3.684826851	121.3733826	33.46232986	2.420692444	16.01000023
43.20000076	4.601323605	4.601323605	117.2388458	31.87150002	2.69305563	16.01000023
43.20000076	5.517820835	5.517820835	19.20004845	31.09986687	2.817446232	16.01000023
50.19328308	6.434317589	6.434317589	19.0000515	29.99988365	2.780985594	17.35590935
50.59999847	7.350814819	7.350814819	19.0000515	38.46238708	2.722701311	20.19000053
50.59999847	8.26731205	8.26731205	19.0000515	43.76942062	2.655386448	20.19000053
57.40184402	9.183808327	9.183808327	19.27497292	59.4496727	2.547808886	20.92432022
57.79999924	0	0	77.99993134	81.58887482	2.431543589	23.99000168
58.79999924	8.968994141	0	77.19994354	89.85257721	2.410000086	22.91046906
58	54.5	0	76.07210541	98.08898926	2.34611249	26.19000053
58	53	0	95.00006104	96.08058167	2.311600208	26.00000191
58	53	0	100.2430344	89.15131378	2.332556725	26.00000191
58	53	0	89.75013733	86.16202545	2.363389969	26.00000191
58	52.09999847	0	88.66914368	84.45475006	2.380000114	25.96000099
54.30045319	48.66364288	0	106.4598846	84.74770355	2.423742294	25.72835541
48.72557831	43.48537064	0	107.6193771	80.99321747	2.507807255	25.36421776
47.39999771	0	0	28.89207077	67.61031342	2.530587912	19.82999992
47.39999771	0	0	28.64484215	68.63207245	2.411924601	19.82999992
47.39999771	0	0	28.39761162	62.4315033	2.29578805	19.82999992
47.39999771	0	0	28.15038109	58.66992188	2.193000078	19.82999992
47.39999771	0	0	69.10006714	56.05487823	2.146393299	19.82999992
47.39999771	0	0	69.10006714	54.69280243	2.190927505	19.82999992
40.61888504	0	0	48.42581558	45.35463333	2.229355574	19.28689384
43.24126434	0	0	48.47810364	36.16268921	2.267190456	16.07436371
45.39087296	0	0	48.85860062	35.10647202	2.310311794	16.33919144
47.54047775	0	0	49.23910141	30.4723568	2.364135742	16.60401917
49.69008255	0	0	48.84770966	29.25345993	2.427981853	16.86884689
51.83969116	0	0	47.91062927	28.89990044	2.495076895	17.13367462
51.89999771	0	0	31.52075005	35.83374023	2.50878334	20.37513733
51.89999771	0	0	33.12647629	40.75938416	2.492218256	20.62952995
51.89999771	0	0	39.61280441	48.4497757	2.466957092	20.88392448
51.89999771	0	0	57.89984894	57.20954895	2.440000057	22.18000031
54.70000076	0	0	68.85721588	75.82996368	2.420981646	23.56879234
54.70000076	0	0	74.79998016	80.73834991	2.395228624	24.15000153
54.70000076	0	0	77.86120605	78.82946777	2.385417938	24.15000153
54.70000076	0	0	75.99996185	77.15526581	2.380000114	24.15000153
57	0	0	76.89994812	75.00997925	2.381261349	24.05000114
56.59999847	0	0	76.86058044	71.28549194	2.404000044	24.00000191
56.59999847	0	0	95.51694489	64.60936737	2.477647066	24.00000191
56.59999847	0	0	95.41207886	64.90005493	2.578310013	24.00000191
56.59999847	0	0	77.89993286	63.6730957	2.688774347	21.61040306
56.59999847	0	0	29.12166214	60.31376648	2.599589109	21.23625565
56.59999847	0	0	29.66979408	61.46466064	2.497727394	20.86210823
56.59999847	0	0	30.21792793	65.23484802	2.386935711	20.48796082
56.59999847	0	0	47.56216049	55.59543991	2.323386669	20.37000084
46.3662529	0	0	68.15622711	51.18775558	2.361349344	19.51848793
41.24974442	0	0	68.4260025	43.10007477	2.435230255	18.7861042
43.71289063	0	0	67.87667847	32.70470047	2.551147699	16.5200119
44.84418488	0	0	69.28934479	28.57696915	2.67592597	16.67901611
45.97547913	0	0	29.08844948	28.0905056	2.734723806	16.83801842
47.10677338	0	0	28.70204926	27.85850716	2.738201141	16.99702072
48.23807144	0	0	28.59049606	29.19989586	2.73185873	17.15602493
49.36936569	0	0	28.9920826	39.54735184	2.714217901	20.70217514
50.50065994	0	0	28.3057251	57.97984695	2.655500174	21.35046005
59.21205902	0	0	95.10005951	74.75360107	2.652410269	22.41215324
60	53.39999771	0	97.06861877	95.28869629	2.676507473	26.30981064
60	53.39999771	0	95.65267181	102.6253967	2.660499096	26.89836693
58	56.20000076	0	94.87984467	105.5110092	2.626857281	27.99000168
58	56.20000076	0	96.80003357	107.9756317	2.594581604	27.99000168
58	56.39999771	0	95.91432953	104.7284851	2.567326307	28.00000191
58	56.39999771	0	100.2262573	101.5899582	2.546119452	28.00000191
58	56.39999771	0	98.54140472	99.06734467	2.54525876	28.00000191
58	56.39999771	0	95.30005646	92.07010651	2.556617737	28.00000191
58	50.13668442	0	96.41670227	89.49975586	2.573049068	27.19388199
58	7	0	18.90005302	70.23004913	2.591621876	22.04000092
53.09999847	0.438259423	0.438259423	18.50005913	71.26931	2.426752567	19.98000145
51.89999771	4.176965237	4.176965237	18.73900414	74.14737701	2.257349968	20
51.89999771	7.915671349	7.915671349	19.26468277	70.73091125	2.084046602	20
50.20891953	0	0	78.74092865	65.22860718	2.045280695	19.6544323
45.68087006	0	0	79.60929871	56.03587723	2.104087114	18.84580994
41.1528244	0	0	56.92216492	46.28859711	2.153384686	18.03718758
45.20000076	0	0	57.7659111	34.25362778	2.227510691	16.26000023
45.20000076	0	0	56.99986267	29.8492775	2.308731794	16.26000023
42.20845413	0	0	57.56680298	28.32922173	2.403095961	16.06949043
45.90190125	0	0	58.32950211	30.0044651	2.497324944	16.34127235
49.59535217	0	0	37.99975967	30.01375198	2.551559925	16.61305618
47.51325989	0	0	38.19975662	40.92560959	2.559184313	20.02353287
51.89756012	0	0	48.86603165	58.83450317	2.53222084	20.93449402
56.28186417	0	0	69.00006866	69.80953217	2.531564713	21.84545517
56.39999771	54.5	0	97.18405914	93.78161621	2.538011789	26.21261406
56.39999771	54.5	0	96.05965424	97.17377472	2.532927752	27.72612762
56.39999771	54.5	0	96.5639267	100.6519775	2.523332119	25.96000099
56.39999771	54.5	0	100.1306229	101.8079605	2.512223959	25.96000099
56.39999771	54.5	0	95.07778168	98.9981842	2.507712126	25.96000099
56.39999771	54.5	0	96.13522339	98.34037018	2.500259638	25.96000099
56.39999771	54.5	0	96.99099731	91.19571686	2.511922359	25.96000099
56.39999771	54.5	0	136.7162476	86.15868378	2.627302408	25.96000099
56.39999771	54.5	0	84.6998291	80.99988556	2.730000019	25.96000099
58	0	0	21.080019	76.37407684	2.744097471	21.99000168
58	0	0	18.21796608	74.4899826	2.569384813	21.99000168
58	0	0	17.90006828	76.44499969	2.384631634	21.99000168
54.1528511	0	0	18.20442772	72.52565002	2.201122046	21.69429588
51.41027832	0	0	73.3783493	67.48908997	2.126250505	19.67465401
48.66770935	0	0	74.21147919	63.18476868	2.149117231	19.22439003
45.92513657	0	0	73.69592285	49.41350937	2.208342075	18.77412796
30.06621361	0	0	70.64941406	35.2163887	2.327278852	16.25
1.718934298	51.36541367	0	48.9344101	30.62190628	2.397512197	16.32053566
3.488497734	49.2374382	0	48.48975754	29.39849281	2.459771872	16.62440681
5.258061409	47.10946274	0	48.77631378	29.2661438	2.523775816	16.92827797
7.027625084	44.98148346	0	69.75413513	30.50273323	2.604388237	17.23214912
8.797188759	43.60248184	0	38.22419357	38.26743698	2.698019266	20.04456711
10.56675148	47.94046783	0	39.9361763	57.0166626	2.664050102	20.93577194
12.33631516	58.97384262	0	77.00764465	73.27539063	2.663442373	21.82697678
57	59.89999771	0	77.99926758	93.29528046	2.609452009	27.71000099
57	59.89999771	0	78.11698914	99.42184448	2.544427395	27.71000099
57	59.89999771	0	77.69993591	105.6662979	2.464253187	27.71000099
56.5	58	0	78.20567322	99.33058167	2.382460117	27.94000053
56.5	58	0	118.031868	97.34402466	2.364341497	27.94000053
55.79999924	58	0	119.0896225	99.41640472	2.424616814	28.00000191
55.79999924	58	0	118.2134933	94.17643738	2.494625092	28.00000191
55.79999924	58	0	119.3003845	90.77359009	2.580936909	28.00000191
44.09703827	48.7183075	0	116.919075	83.65984344	2.679606199	26.1549778
6.799999714	46.5	0	35.03313828	75.0849762	2.812444687	19.73000145
0.234413967	52.70000076	0.234413967	18.70005608	76.48062134	2.644777775	20.05000114
0	52.59999847	0	17.99150467	73.88221741	2.463238239	21.66688156
0	52.59999847	0	17.53144836	74.00687408	2.272974491	22.20000076
0	54.20000076	0	17.80006981	70.82535553	2.103952408	22.01000023
0	51.12311172	0	18.71626663	59.87463379	1.945481539	22
0	44.74957275	0	118.511795	45.91736603	2.08438468	20.05000114
0	45.59999847	0	58.48855591	34.31606674	2.17271924	16.06000137
0	45.59999847	0	57.84723663	31.1352005	2.25795126	16.06000137
0	45.59999847	0	57.20591736	29.3969593	2.349522352	16.06000137
0	45.59999847	0	19.75908661	29.95074463	2.322613478	16.06000137
0	45.59999847	0	20.18765259	31.13706589	2.29016757	16.06000137
0	45.59999847	0	43.20007324	40.79730225	2.269999981	20.16000175
10.6019392	51.84337234	0	69.36461639	62.79240417	2.269524097	21.42970085
22.96972275	56.2102356	0	87.04059601	80.38275146	2.26602459	22.90732384
53.61092758	56.29999924	0	95.58850098	99.40249634	2.235750914	26.43895149
52.49682999	56.29999924	0	94.80545807	106.533638	2.211555481	27.04763412
51.38273239	56.29999924	0	129.1489105	112.2102356	2.222456694	27.91362572
50.2686348	56.29999924	0	128.0045776	103.0834122	2.289317846	27.71620941
49.1545372	56.29999924	0	129.6454163	103.1412125	2.370359659	27.5187912
48.04043579	56.29999924	0	123.2800217	100.3182678	2.454021215	27.32137489
46.9263382	56.29999924	0	128.762207	98.97599792	2.541243553	27.12395859
45.8122406	56.29999924	0	128.8279724	93.99230194	2.646590233	26.92654037
41.81999969	56.29999924	0	126.8262787	83.49984741	2.762666941	22.84000015
0	56.29999924	0	19.06896591	77.63018036	2.750461578	22.03000069
0	56.29999924	0	18.40006065	78.02881622	2.559405565	22.03000069
0	56.29999924	0	18.40006065	79.27462006	2.36724329	22.03000069
0.37784642	55.09537506	0	18.08678627	76.59361267	2.172919035	21.93640327
2.318284512	52.50387573	0	18.53214073	69.76005554	1.99161911	21.5070858
4.258722782	49.9123764	0	99.60092163	63.29576492	1.845118642	21.07777023
6.199160576	47.32087708	0	96.40054321	49.78084183	1.981103539	19.10826302
8.139598846	50.13143921	0	57.86042786	38.82060623	2.096054316	16.53647614
10.08003712	51.40790176	0	38.2997551	32.94309616	2.152057171	16.70382309
12.02047443	52.68436432	0	38.2997551	30.77571678	2.175326347	16.87117004
13.9609127	53.96082306	0	38.2997551	30.59593773	2.202288151	17.038517
15.90135098	55.23728561	0	38.2997551	32.39294815	2.229512453	17.20586395
17.84178925	56.51374817	0	38.2997551	43.41886902	2.211783886	20.79126549
19.78222656	57.79020691	0	60.50957108	62.75577545	2.210000038	21.38290977
21.72266579	59.06666946	0	107.5290298	81.72463989	2.210000038	21.97455406
51.72765732	58	0	119.5183182	108.8608856	2.217398167	25.66372299
43.66494751	58	0	115.224205	114.0697937	2.22966671	24.21563339
13.35221863	58	0	119.1043701	98.22850037	2.28528595	20.29486847
53	58	0	114.9788742	119.1934128	2.312956333	27.92000198
53	58	0	115.4665298	108.1984329	2.332924843	27.92000198
53	58	0	119.6548309	111.0380783	2.350000143	27.92000198
54.9477272	58	0	115.4120178	107.4882889	2.384853363	28.01000023
50.96800995	58	0	115.1368179	103.9976196	2.415011168	28.01000023
46.98829651	58	0	119.4676056	97.6160202	2.461567163	28.01000023
46	58	0	19.79958153	87.08379364	2.530337334	22.04747391
46	58	0	18.72275162	86.04380798	2.323879004	22.28622437
46	58	0	18.20006371	76.25566864	2.118631601	21.80000114
47	58	0	18.30851364	75.70355225	1.931950092	22.03000069
47	58	0	77.39994049	69.85634613	1.794617295	22.03000069
47	58	0	88.88690186	68.7050705	1.846684217	22.03000069
36.72671509	49.08972168	0	89.29907227	57.07319641	1.932000041	20.97082329
0	46.09999847	0	89.06327057	44.63736725	2.071673632	17.84768486
0	46.09999847	0	89.55750275	40.19508743	2.224933386	18.03715897
0	46.09999847	0	89.18512726	37.23809814	2.390292883	18.22663307
0	46.09999847	0	89.73196411	35.97666168	2.561952591	18.41610527
0	46.09999847	0	46.30002594	36.93566513	2.720000029	18.60557938
4.520338535	51.72666168	0	46.00833511	45.28717422	2.734580278	22.45351791
11.00111103	54.7756424	0	68.32155609	55.9133606	2.755278111	23.10372162
17.4818821	57.82461929	0	68.91906738	74.25564575	2.755298376	23.75392532
53.63286972	57.32641602	0	79.81015778	102.1559525	2.70416832	26.38452721
52.29767609	56.73829269	0	79.22945404	105.49543	2.630068302	27.10719109
50.96248245	56.15016937	0	79.50827026	110.98172	2.527315855	27.98000145
49.62728882	55.56204605	0	79.68774414	108.931633	2.423641205	27.98000145
48.29209518	54.97392273	0	95.58048248	104.6159897	2.360314131	27.98000145
46.95690155	54.38579941	0	95.9635849	107.3230972	2.320623398	27.98000145
45.62170792	53.7976799	0	96.31247711	97.34202576	2.301200151	27.98000145
44.28651428	53.20955658	0	95.57328033	96.01338196	2.306361437	27.98000145
42.95132065	52.62143326	0	96.60476685	88.80110168	2.316955566	27.98000145
0	52.03330994	0	95.28157806	79.5449295	2.374884129	21.73495674
0	51.44518661	0	68.93562317	80.12367249	2.362739086	21.57766724
0	50.85706329	0	68.99676514	72.38616943	2.352705002	21.42037964
0	50.26894379	0	69.19435883	66.36793518	2.358295202	21.26309013
0	49.68082047	0	69.50807953	60.90647125	2.375249863	21.10580063
0	49.09269714	0	69.09559631	57.94050217	2.407067537	20.94851303
0	48.50457382	0	68.80007172	50.37916183	2.456945896	20.79122353
0	45.89999771	0	66.99601746	39.32595062	2.549253464	17.98000145
0	45.7227478	0	48.2246666	34.33581543	2.602965117	18.15504646
0	48.42274857	0	38.70153046	31.71416855	2.632325172	18.50385666
0	51.12274933	0	39.1177063	29.79911423	2.658431053	18.85266495
0	53.82274628	0	38.7088623	30.58076668	2.690116167	19.20147514
0	53.89999771	0	38.29957581	36.80516434	2.70101881	22.70819283
0	53.89999771	0	58.71121597	46.2266922	2.709509373	23.21292877
0	53.89999771	0	59.89981842	57.45505524	2.730000019	23.71766281
0	54.32942963	0	58.17204666	74.24828339	2.698606014	24.25355148
0	53.67459488	0	57.56282425	86.62957001	2.627291203	24.60638428
0	53.01976013	0	57.83985138	88.7193985	2.528027534	24.95742798
0	52.36492538	0	58.27298737	86.7881546	2.428761959	25.22317886
0	51.71009064	0	107.160675	82.92919159	2.418299198	25.67580032
0	51.05525589	0	108.3983459	80.0848999	2.49562788	25.48971367
0	50.40042114	0	105.8880157	79.26213074	2.586380005	25.30362511
0	49.7455864	0	107.309288	75.21331024	2.681887388	25.11753654
0	49.09075165	0	106.8588257	71.22003174	2.789410114	24.93144798
0	48.4359169	0	19.25251007	71.81160736	2.732409	21.58349991
0	47.78108597	0	18.9853611	72.26911163	2.559658766	21.44476318
0	47.12625122	0	58.33774185	65.11696625	2.426392555	21.30602646
0	46.47141647	0	58.8030014	68.03136444	2.398008108	21.16728973
0	45.81658173	0	58.74807739	64.48265076	2.376080036	21.02855301
0	45.16174698	0	58.3117218	59.33041382	2.375066996	20.88981628
0	44.50691223	0	57.51993179	50.01163483	2.39095664	20.75107956
0	48.70000076	0	49.52949142	38.26058578	2.443301678	18.43475533
0	48.70000076	0	46.80072021	31.59910393	2.488122463	18.57769203
0	48.70000076	0	47.10660934	29.84105682	2.541984558	18.72063065
0	48.70000076	0	39.01193619	29.61232948	2.596814394	18.86356735
0	48.70000076	0	40.3391037	31.21147728	2.630675077	19.00650597
0	48.70000076	0	41.66627121	40.87952805	2.645675182	22.15000153
0	48.70000076	0	58.89983368	60.82424927	2.677012444	22.15000153
0	48.70000076	0	58.89983368	75.59996796	2.660000086	22.15000153
56.39999771	58	0	101.8999557	108.4873581	2.493818283	27.31315994
53	58	0	115.5944748	108.0109711	2.50999999	26.91230202
53	58	0	113.4997787	116.1806793	2.50999999	27.94000053
53	58	0	119.5000763	114.2997665	2.50999999	27.94000053
53	58	0	119.5000763	114.2997665	2.50999999	27.94000053
53	58	0	119.5000763	114.2997665	2.50999999	27.94000053
53	58	0	119.5000763	114.2997665	2.50999999	27.94000053
51.99772644	58	0	107.4119568	93.3500824	2.647352934	27.707201
44.96833801	58	0	106.5209351	88.97270203	2.698080778	27.06446457
44.89999771	58	0	61.69979095	81.98653412	2.720794678	21.87000084
44.89999771	58	0	29.51321793	81.18321228	2.564186335	21.87000084
44.89999771	58	0	29.56378937	77.94558716	2.395652294	21.87000084
44.89999771	58	0	30.47352219	73.52500153	2.241224527	21.87000084
44.89999771	58	0	96.1313858	71.10306549	2.2710464	21.87000084
44.89999771	58	0	96.73040771	65.0001297	2.363623381	21.87000084
35.44195557	49.33470154	0	97.00003052	54.17133331	2.481081009	21.23007202
5.799999714	49.18111038	0	78.09635925	39.47365952	2.568772078	17.78570366
5.799999714	50.47942734	0	78.73920441	34.45261383	2.704600096	17.98062706
5.799999714	51.77774811	0	18.93828964	31.41045952	2.809210777	18.17555046
5.799999714	53.07606888	0	19.23116684	32.28897858	2.769415379	18.37047577
5.799999714	54.37438583	0	19.52404404	32.11803055	2.731189251	18.56539917
5.799999714	55.6727066	0	19.81692123	43.64661789	2.670000076	22.69704056
5.799999714	56.97102356	0	29.89988518	63.77375793	2.557096958	23.22231865
5.799999714	58.26934433	0	75.98387909	76.29086304	2.552463293	23.74759865
0	59.99847794	0	88.80567169	85.23618317	2.560435057	25.60555649
54.52830124	59.45090103	0	88.27188873	99.73748779	2.54032445	27.73894882
53.2556076	58.90332031	0	87.1315155	97.83001709	2.503374577	27.62005806
51.98291397	58.35573959	0	88.21742249	97.45335388	2.467523813	27.41381073
50.71022034	57.80816269	0	87.93514252	97.70001984	2.440442324	27.20756531
49.43752289	57.26058197	0	88.21477509	93.96674347	2.41142869	27.00131798
48.16482925	56.71300125	0	86.71979523	100.8333054	2.391192675	26.79507256
46.89213562	56.16542435	0	129.0946655	89.18745422	2.477090836	26.58882523
45.61944199	55.61784363	0	128.1099548	97.12145996	2.577941418	26.3825798
6.599999905	55.07026291	0	38.59988022	75.19997406	2.724159956	21.83000183
6.599999905	54.522686	0	18.72794533	76.61885834	2.560000181	21.83000183
6.599999905	53.97510529	0	19.11411476	74.22380066	2.379487276	21.83000183
6.599999905	53.42752838	0	19.50028229	82.3309021	2.191666603	21.83000183
6.599999905	52.87994766	0	99.99801636	69.68490601	2.172394514	21.83000183
6.599999905	52.33236694	0	95.84928131	64.41742706	2.268115997	21.83000183
6.599999905	45.36249924	0	67.72119904	55.46352386	2.317245007	21.83000183
6.599999905	51.5	0	58.084198	41.54676437	2.387703896	18.34000015
6.599999905	51.5	0	46.72675323	33.04514694	2.434285879	18.34000015
6.599999905	51.5	0	46.99063873	32.21039963	2.481756687	18.34000015
6.599999905	51.5	0	46.59660339	30.37208366	2.532824516	18.34000015
6.599999905	51.5	0	47.02453232	31.28521347	2.587067842	18.34000015
0	49.64054108	0	46.90001678	39.34558487	2.629907846	18.36515999
0.626561582	52.59999847	0	46.93577194	65.05513	2.599500179	22.09620857
11.36761665	52.59999847	0	69.40006256	80.04080963	2.528571606	23.91689873
22.1086731	52.59999847	0	69.40006256	89.27934265	2.470869541	24.65202713
53.79999924	52.59999847	0	69.40006256	95.23339081	2.388750076	27.66756439
56.20000076	58	0	69.63047028	99.23332977	2.289452314	27.99000168
56.20000076	58	0	69.31158447	95.66671753	2.194761992	27.99000168
56.20000076	58	0	68.90007019	96.60003662	2.105842829	27.99000168
54.90549469	58	0	96.48779297	91.97510529	2.112323284	27.94779778
52.24684143	58	0	97.60289001	90.10619354	2.127832174	27.75905609
49.58819199	58	0	127.0470963	82.91618347	2.227647066	27.57031441
46.92953873	58	0	126.0999756	90.64012909	2.355769396	27.38157463
0	53.56699371	0	19.54147911	73.83999634	2.469183683	21.87005997
0	52.19139099	0	18.83324432	75.39044952	2.300789595	21.67199135
0	50.81578827	0	19.32092094	72.78182983	2.122564316	21.47392464
0	49.44018173	0	19.80859756	69.72733307	1.948409081	21.27585602
0	48.06457901	0	98.38064575	71.24154663	1.961647153	21.0777874
0	46.68897629	0	97.01858521	64.08718109	2.055909157	20.87971878
0	45.31337357	0	96.05560303	50.79995728	2.18816328	20.68165016
0	20.19472694	0	95.9000473	36.89977646	2.376216412	18.35000038
46.70000076	0	0	49.22377396	33.40517426	2.48447752	18.0766468
46.70000076	0	0	48.74457932	31.7020874	2.543277502	17.92000008
46.70000076	0	0	48.26538849	30.70005608	2.603739262	17.92000008
46.70000076	0	0	47.78619385	31.43770027	2.666315794	17.92000008
46.84158325	0	0	30.03121376	39.33124161	2.687671185	18.01000023
53.20000076	0	0	70.00005341	65.27548981	2.660000086	22
52.6733551	13.37809658	0	69.69561005	79.00991821	2.643488407	23.86891174
52.10056686	52.96577835	0	69.36450195	91.77344513	2.577600241	26.81518745
51.52777863	57.96799469	0	68.82876587	102.6532745	2.487966061	27.8818531
50.95499039	56.69214249	0	68.65097809	111.0833206	2.356852055	27.64644623
50.38220215	55.2461319	0	68.06622314	107.0269012	2.228392839	27.37574768
49.80941391	53.80011749	0	67.7000885	106.5623856	2.114655256	27.10504913
49.23662949	52.3541069	0	150.2620697	107.7332001	2.215087652	26.83435059
48.66384125	50.9080925	0	146.0619659	103.1699371	2.352400064	26.56365395
48.09105301	49.46207809	0	96.91030884	99.05945587	2.44269371	26.2929554
47.51826477	48.0160675	0	97.4794693	95.25460052	2.44949913	26.02225685
46.94547653	0	0	19.1534977	84.29983521	2.448250055	22.20027161
46.37268829	0	0	18.25605583	87.67705536	2.236999989	22.07891083
45.79990005	0	0	17.74085808	82.21910095	2.028181791	21.95755196
45.22711563	0	0	18.49798012	79.72931671	1.828611135	21.83619118
44.65432739	0	0	88.25180817	76.3277359	1.764137983	21.81797791
44.08153915	0	0	89.47844696	64.27329254	1.829891324	22.52178955
43.50875092	0	0	87.8287735	62.92477417	1.89409101	27.22900009
45.89766693	0	0	87.14712524	39.91470718	2.051333427	18.31428337
46.51656342	0	0	89.84758759	32.57381439	2.224250078	18.62626266
47.82391357	0	0	46.20655823	32.01264191	2.32806921	18.93824196
49.13126755	0	0	95.50416565	30.91215134	2.460000038	19.25022316
50.43861771	0	0	58.99223709	29.41895866	2.649480581	19.56220245
51.74596786	0	0	58.4226265	43.68980789	2.717244387	21.96000099
53.05332184	0	0	44.13537598	60.73730469	2.71254158	21.96000099
55.70000076	3.732142925	0	75.9953537	80.97162628	2.687456608	23.27019501
55.70000076	50.44058609	0	99.57216644	99.90665436	2.621463537	26.93892097
55.70000076	54.88764572	0	115.0997543	111.4045715	2.602299213	27.99413872
55.70000076	54.89999771	0	120.0015869	110.5319672	2.611660957	28.00000191
55.70000076	54.89999771	0	115.0708923	109.3420639	2.625713825	28.00000191
55.70000076	54.89999771	0	115.4356918	107.4998703	2.652833939	28.00000191
55.70000076	54.89999771	0	119.0477676	110.6862411	2.669516802	28.00000191
55.70000076	54.89999771	0	119.9936218	103.6999283	2.703091383	28.00000191
58	55.5	0	118.525177	99.32566833	2.762000322	28.02000046
58	47.10824966	0	19.0000515	81.56231689	2.799551249	27.3469944
58	0	0	19.0000515	75.62679291	2.637641191	21.75
54.68442917	0	0	18.4378376	75.03197479	2.452256441	21.98674011
52.59265518	0	0	17.83407402	74.5841217	2.270195961	21.66400146
50.50088501	0	0	18.31736183	72.39685822	2.091170788	21.34126472
48.40911102	0	0	65.92539978	62.90896225	2.038793564	21.01852608
46.31734085	0	0	68.4885025	60.12701416	2.058828115	20.69578743
44.22556686	0	0	69.79944611	49.49997711	2.10713172	20.37304878
46.79999924	0	0	69.40787506	37.41354752	2.207606077	18.15205002
46.79999924	0	0	68.99713135	33.39316177	2.32101655	17.94000053
46.79999924	0	0	69.48149109	34.45254135	2.438557386	17.94000053
46.79999924	0	0	59.1998291	31.55274963	2.535650253	17.94000053
44.49565125	0	0	58.89983368	32.37784576	2.620250225	18.12740135
49.09999847	0	0	59.23225784	41.15798187	2.691218138	21.99000168
49.09999847	0	0	32.79983902	51.15662003	2.709419489	21.99000168
59.65885544	6.444900036	0	32.05595398	68.98007202	2.621689796	21.98000145
60	54.70000076	0	32.4998436	94.69506836	2.45600009	26.34825134
58	59.09999847	0	32.4998436	93.68230438	2.252166748	27.11312675
58	55.89999771	0	33.44211578	93.25572205	2.04942131	28.00000191
58	55.02531815	0	128.8806	92.04112244	2.112965584	27.88927078
58	53.25099564	0	129.5746613	88.70476532	2.241821527	27.54739189
58	51.47667694	0	129.4796143	87.7862854	2.368071556	27.20551491
58	49.70235825	0	129.0581818	88.81765747	2.503555536	26.86363602
58	47.92803955	0	97.78947449	79.96327209	2.568630934	26.52175713
58	46.15372086	0	97.50580597	77.8063736	2.62472558	26.17987823
58	5.299999714	0	97.35765076	69.35434723	2.718357086	22.05000114
53.79999924	0	0	18.71344948	69.98005676	2.62040925	21.98000145
53.79999924	0	0	18.23223686	63.61092377	2.461760044	21.98000145
53.79999924	0	0	18.75778961	63.68553925	2.313490391	21.98000145
53.79999924	0	0	69.05060577	57.19370651	2.272625685	21.98000145
53.79999924	0	0	69.40006256	55.19989014	2.310000181	21.98000145
41.83610153	0	0	46.50002289	55.39988708	2.337949753	25.84000015
47.79999924	0	0	46.50002289	36.39017105	2.363560915	18.15000153
45.93341064	0	0	45.86320114	33.25780487	2.402790308	18.24586296
49.83974838	0	0	38.94178009	30.90765762	2.441992044	18.97039223
53.74608612	0	0	38.80632782	31.46517181	2.470499992	19.69491959
54	0	0	38.67087555	34.66807175	2.484851599	22.56363297
54	0	0	38.53542328	37.59784698	2.485789537	22.96683311
54	0	0	38.39997101	48.76944351	2.477262735	23.37003326
54	0	0	38.26451874	60.05799866	2.428329945	24.52552223
54	0	0	38.12907028	79.72990417	2.331750154	25.15754318
60	54.79999924	0	37.98367691	90.34703064	2.18109107	25.93000031
60	54.79999924	0	99.30334473	94.62812805	2.064992189	25.93000031
60	54.79999924	0	96.3686142	86.78133392	2.095683813	25.93000031
60	54.79999924	0	96.73236847	80.41599274	2.138813496	25.93000031
58	45.21208954	0	96.43786621	69.91027832	2.19386673	26.10385132
56.67341232	0	0	98.8855896	64.64944458	2.304954052	25.96000099
55.44090652	0	0	98.55503845	61.61201477	2.420825481	25.96000099
54.20839691	0	0	98.22447968	62.60311127	2.530032396	25.96000099
52.97589111	0	0	97.89392853	66.54441833	2.636885881	25.96000099
51.7433815	0	0	97.56336975	63.2352829	2.752613068	25.96000099
50.5108757	0	0	19.24572372	71.29136658	2.756232738	25.96000099
49.27836609	0	0	19.68420601	65.85193634	2.59910655	25.96000099
48.04586029	0	0	38.57990646	62.5515976	2.452107191	25.96000099
46.81335068	0	0	29.38300323	50.24246597	2.55592227	25.96000099
51.5	0	0	28.79990196	38.33200073	2.519405127	18.3200016
51.5	0	0	28.79990196	31.70828247	2.503486156	18.3200016
51.5	0	0	28.79990196	30.20880318	2.5	18.3200016
51.5	0	0	28.79990196	29.3962574	2.5	18.3200016
46.29999924	0	0	29.58778572	30.39987755	2.493039846	19.70058441
46.29999924	0	0	38.70014191	37.44773865	2.477675676	19.77000046
50.9846344	1.170349479	0	39.0428009	51.5472641	2.457837343	20.29613495
59.5524826	5.04996109	0	69.18186188	60.83792877	2.429373026	21.34409332
59.79999924	8.929572105	0	79.15962982	83.71177673	2.400107861	25.25106812
59.79999924	54.39999771	0	95.14657593	91.45571136	2.391607523	27.76543617
59.79999924	54.39999771	0	95.32117462	100.1906509	2.380978346	27.79000092
59.79999924	54.39999771	0	97.57772064	102.051384	2.367805958	27.79000092
59.79999924	54.39999771	0	96.47828674	98.39417267	2.360000134	27.79000092
58	55.70000076	0	97.02200317	95.62989807	2.363618135	28.3488903
58	55.70000076	0	96.50003815	98.55728149	2.370000124	30.29000092
57.59999847	23.52085114	0	98.55612946	52.79992676	2.475351334	9.513999939
56.03198624	50.86316299	0	97.21616364	97.82402039	2.386000156	27.05307198
52.560112	46.46487427	0	96.94879913	86.45792389	2.411194324	26.11111069
51.09999847	5	0	70.4000473	75.91396332	2.479922295	22.34000015
54.36835861	0	0	18.09573746	74.42998505	2.311170816	21.74501991
52.59786987	0	0	17.80006981	73.99575043	2.132256508	21.39303017
50.82737732	0	0	17.80006981	69.57390594	1.959023237	21.04103851
49.05688477	0	0	65.78012085	63.75020218	1.800023317	20.68904877
47.28639221	0	0	97.97536469	48.46063995	1.933521748	20.33705711
46.69815826	0	0	97.63373566	36.15739059	2.127771616	18.1615963
47.90749359	0	0	99.51239777	32.85087204	2.33388257	18.47360802
49.11682892	0	0	95.70535278	30.45864105	2.551272869	18.78561974
50.32616425	0	0	96.84343719	28.91682243	2.765353203	19.09763145
51.53549957	0	0	18.80005455	29.50339317	2.799523592	19.40964317
52.7448349	0	0	18.80005455	36.21568298	2.761244297	19.7716713
53.95417023	0	0	18.78193665	57.71985245	2.673864365	20.38578796
55.16350555	0	0	19.42136002	67.17759705	2.535174131	20.99990654
55.39999771	0	0	20.36727333	85.79647827	2.347515345	23.66765785
55.39999771	0	0	97.21891785	91.98859406	2.329436064	23.10477829
55.39999771	52.29999924	0	96.64749908	104.8232422	2.310704231	27.62000084
58	56.20000076	0	97.20002747	99.88968658	2.2900002	27.99000168
58	55.79999924	0	96.64012146	100.0640717	2.286574125	28.00000191
58	55.79999924	0	97.30002594	97.31502533	2.28000021	28.00000191
58.5	0	0	94.64251709	107.1298752	2.312814951	19.12000084
58.5	53	0	116.5309067	88.63515472	2.284098864	27.66000175
58.5	53	0	117.0120316	82.50653076	2.387909174	27.66000175
58.5	53	0	115.9782104	81.71395111	2.503000021	27.66000175
58.5	53	0	55.81988144	84.84955597	2.604684353	27.66000175
58.5	53	0	28.91407013	81.95653534	2.450904846	27.66000175
58	54.29999924	0	28.49990654	80.69989014	2.28000021	28.00000191
49.16960526	0.416030049	0	27.90363312	56.52302933	2.133555651	19.72343254
50.21154404	2.908056974	0	29.00181961	60.1913681	2.035028219	19.62506294
51.25348282	5.400084019	0	29.12829208	46.64617538	1.95731926	19.00396729
52.2954216	7.892110825	0	47.67474747	34.59664917	1.975827694	16.36836624
53.3373642	10.38413811	0	48.45300674	31.09337616	2.02396965	16.53594971
54.37930298	12.87616539	0	49.23126221	31.15032387	2.078113556	16.70353127
55.42124176	15.36819172	0	96.58335876	28.93438339	2.232937574	16.87111473
56.46318054	17.86021996	0	105.2999039	28.69990349	2.458133459	17.0386982
57.50511932	20.35224533	0	103.8540421	36.83387756	2.686903238	20.7322979
58.54706192	22.84427261	0	18.82758331	54.10807419	2.793565512	21.39809799
59.5890007	25.3362999	0	16.207798	67.69805145	2.661404371	22.06389809
58.60889053	27.82832718	0	69.31404114	86.9469986	2.500318527	24.00911522
57.60720825	47.77479172	0	69.80738831	92.31833649	2.442215204	25.97333908
56.60552597	46.65195847	0	69.92650604	94.85771179	2.359386444	25.87725449
55.6038475	45.52912903	0	69.60005951	93.62689972	2.278088093	25.78116989
54.60216522	44.40629578	0	96.56409454	94.44966888	2.211488008	25.6850853
53.60048294	43.28346252	0	129.7221527	93.66609955	2.261824608	25.5890007
52.59880066	42.16063309	0	126.5617523	91.24261475	2.383396864	25.49291801
51.59711838	41.03779984	0	95.69939423	82.12670898	2.49185133	25.39683342
50.5954361	39.9149704	0	79.09991455	77.14134216	2.518683434	25.30074883
49.50608444	0.485026479	0	76.56319427	70.22485352	2.550046444	19.84896469
47.99106979	1.019490957	0	33.9238205	72.13633728	2.551508427	19.68268585
46.47605133	1.553955436	0	28.47644043	70.24005127	2.428384781	19.51640701
44.96103668	2.088419914	0	27.74449921	68.29850006	2.295382023	19.35013008
43.44602203	2.622884274	0	26.65279388	68.72263336	2.163132191	19.18385124
41.93100357	3.157348633	0	69.70449066	59.40258408	2.146942616	19.0175724
40.41598892	3.691813231	0	64.87832642	47.81214523	2.188817501	18.85129356
42.14142227	4.226277828	0	47.25922775	37.23452377	2.233336687	16.14196777
43.90142059	4.760742188	0	46.86390305	32.38581467	2.275333405	16.27122498
45.66142273	5.295206547	0	33.79982376	31.23986435	2.316347361	16.40048218
47.42142105	5.829670906	0	99.01408386	29.9120121	2.406588316	16.52973747
49.18142319	6.364135265	0	34.17749405	31.47277069	2.58803606	16.65899467
51.93873215	6.898600101	0	32.2755928	40.1733551	2.573774815	20.42939568
54.7066803	7.433064461	0	30.74370193	54.41190338	2.522204399	20.90285683
57.47462845	7.96752882	0	68.22595978	67.54328918	2.453570127	21.37631798
57.5	53.70000076	0	79.03629303	92.84054565	2.418921232	26.06458473
57.5	53.70000076	0	78.07733917	102.4189453	2.362044096	27.61000061
57.5	53.70000076	0	77.42211151	107.9290924	2.275835752	27.61000061
57.5	53.70000076	0	76.96221924	108.1565247	2.178729773	27.61000061
58	57.29999924	0	95.12005615	106.2863541	2.088470697	28.04000092
58	57.29999924	0	103.9999237	101.4304733	2.092749357	28.04000092
58	57.29999924	0	105.3999023	99.17166138	2.110000134	28.04000092
57.47587585	53.16805267	0	106.0996857	92.5401001	2.146476746	27.99000168
56.38014603	47.66572189	0	106.5173798	88.53977203	2.198958635	27.99000168
55.28442001	0	0	106.0398941	79.39800262	2.293576717	21.85333061
54.18869019	0	0	66.40010834	79.38990784	2.366952419	21.62312698
53.09296036	0	0	47.43923569	77.26127625	2.273105383	21.39292336
51.99723053	0	0	47.01194382	77.80515289	2.170346737	21.16272163
50.90150452	0	0	47.41077805	68.84947968	2.089634657	20.93251801
49.80577469	0	0	68.35222626	63.99180603	2.078648329	20.70231438
48.71004486	0	0	69.67948151	54.25990295	2.11229229	20.47211075
48.70000076	0	0	69.35314178	36.10084152	2.210375071	15.87000084
48.70000076	0	0	69.02680206	31.37254524	2.32886219	15.87000084
41.59999847	0	0	70.00005341	30.39987755	2.455859661	15.97000027
46.33286285	0	0	71.9589386	28.68410683	2.585629702	16.95342445
51.43201065	0	0	68.74156952	30.61187363	2.717964888	17.95938301
54.29685211	0	0	44.78133011	39.04152679	2.80854845	20.58566093
57.13149643	0	0	20.00296783	58.23243713	2.712785721	20.86623192
59.96614075	0	0	19.43223381	73.39818573	2.561650276	23.76120186
60	53.39999771	0	82.89985657	93.04473877	2.495585918	26.20000076
57.70941544	51.88667679	0	81.46711731	97.4727478	2.469693661	27.03196526
57.0947876	50.80092239	0	83.69984436	98.88000488	2.414465189	27.7788353
56.48015976	49.71516418	0	95.73693848	99.62248993	2.381349325	27.51635742
55.86552811	48.62940979	0	93.64750671	107.5257492	2.362544537	27.25387955
55.25090027	47.5436554	0	100.0561752	105.2879028	2.329513788	26.99140167
54.63627243	46.45789719	0	95.61275482	102.6356201	2.313289165	26.7289238
54.02164078	45.37214279	0	96.06362152	101.6325912	2.3015275	26.46644402
53.40701294	44.2863884	0	95.36362457	90.08313751	2.313268423	26.20396614
52.7923851	5	0	96.05773163	80.65852356	2.362047672	21.86839867
52.17775345	5	0	29.71988869	82.66385651	2.387146711	21.71718788
51.56312561	5	0	19.85785294	78.17931366	2.211473703	21.5659771
50.94849396	5	0	20.23262978	75.58135223	2.024649858	21.41476822
50.33386612	5	0	67.43086243	71.19834137	1.933268189	21.26355743
49.71923828	5	0	67.18837738	60.94177628	1.942625999	21.11234665
49.10460663	5	0	66.46112061	50.08358765	1.973893642	20.96113586
49.09999847	5	0	67.20009613	39.93130493	2.045075178	17.96000099
49.09999847	5	0	67.20009613	36.06557846	2.137971878	17.96000099
46.29575729	0	0	69.61735535	33.08795166	2.245180368	18.2957859
50.17524719	0	0	69.70005798	31.69366264	2.365864515	19.11482239
54.05473709	0	0	67.90873718	33.43588257	2.486702681	19.93385696
54.09999847	0	0	68.23495483	37.78223038	2.585382462	22.16293716
54.09999847	0	0	37.72227859	46.0178566	2.604888916	22.36584854
54.09999847	0	0	43.52006912	62.51977921	2.560330391	22.56876183
59.70000076	4.378347397	0	67.31856537	83.99570465	2.505438328	25.26239777
60	55.09999847	0	66.04353333	101.1999664	2.430057287	28.13215637
58	55.56435013	0.611275256	89.64143372	105.791008	2.351902485	28.01000023
58	54.35277557	1.497538209	95.5582962	107.9287491	2.302639008	28.01000023
58	53.14120102	2.383800983	96.62682343	101.9836349	2.275801182	28.01000023
58	51.92962646	3.270064116	96.06307983	100.521431	2.2601161	28.01000023
58	50.71805573	4.156326771	95.38352966	96.59323883	2.264865398	28.01000023
58	49.50648117	5.042589664	96.51761627	90.35596466	2.269614697	28.01000023
58	48.29490662	5.928852558	95.29832458	86.23980713	2.294415951	28.01000023
58	7.199999809	6.815115929	95.99524689	73.2330246	2.35974741	22.27000046
58	7.199999809	7.701378822	46.70001984	72.98106384	2.390817404	22.27000046
54.29999924	7.199999809	8.587641716	47.20001221	70.40904999	2.309208632	22.05000114
54.29999924	7.199999809	9.47390461	47.20001221	66.47071075	2.239616632	22.05000114
52.59999847	7.199999809	0	46.90001678	61.58520126	2.189376354	22
48.55735779	0	0	57.23783493	60.04708862	2.184187412	21.52877808
42.76754761	0	0	57.00600052	48.78517151	2.18990159	20.88571739
44.37923431	0	0	57.49166107	37.55189896	2.252715588	16.29415703
46.07828903	0	0	56.92258835	33.28199387	2.328978539	16.56501579
47.77734756	0	0	57.65374756	32.44179916	2.410305977	16.83587456
49.47640228	0	0	59.1998291	29.52365875	2.500756741	17.10673523
51.175457	0	0	59.1998291	29.39989281	2.599098682	17.37759399
51.20000076	0	0	59.1998291	34.14477158	2.68098855	20.56345749
51.20000076	0	0	39.05338287	37.61367416	2.715062141	20.96494484
51.20000076	0	0	59.1998291	46.95232391	2.720403194	21.36643219
51.20000076	0	0	68.75997162	61.55979156	2.728794813	22.09000015
53.29999924	0	0	68.2360611	75.84281921	2.710968256	23.83049393
53.29999924	0	0	87.09979248	85.47827911	2.710000038	25.16000175
59.11161041	0	0	91.10012054	84.14906311	2.718216181	25.78702354
57.6086998	0	0	79.44785309	83.14681244	2.711599827	25.82837486
56.10578537	0	0	79.75523376	80.55989075	2.715952873	25.61924553
54.60287094	0	0	80.23101044	75.81520081	2.720090151	25.4101181
53.09996033	0	0	78.78765106	72.18502045	2.739067078	25.20098877
51.5970459	0	0	78.05808258	68.6062851	2.768632889	24.99186134
51.39999771	0	0	58.46438217	66.15383148	2.787919044	21.52480125
51.39999771	0	0	57.97081757	68.19136047	2.759259224	20.93185997
51.39999771	0	0	58.31066895	65.80187988	2.730124474	20.33891869
51.39999771	0	0	58.14050293	64.34207153	2.720368385	20.22000122
51.39999771	0	0	58.29085159	62.87077332	2.704040766	20.22000122
51.39999771	0	0	59.3277359	55.75863266	2.708786726	20.22000122
38.03189468	0	0	37.53310013	45.90586472	2.729549408	18.9749012
39.73548508	0	0	38.90013885	31.28245354	2.751988173	15.48317814
41.69657516	0	0	38.12553406	30.44007683	2.775928974	16.04628372
43.65766525	0	0	37.5146637	29.26783943	2.804237127	16.45963097
45.61875534	0	0	18.80005455	28.85996056	2.775391817	16.87297821
47.57984161	0	0	18.80005455	30.28757095	2.741930723	17.28632736
49.52413177	6.523487568	0	17.6937294	40.07545471	2.684851885	20.44373322
53.32057571	15.29292583	0	17.29497528	56.19765091	2.594000101	21.05367661
55.29999924	24.06236458	0	38.00183868	76.85244751	2.452212811	22.83427429
55.29999924	54.09999847	0	37.44643402	102.1067581	2.274702787	26.20000076
